gene,0,1,label
TYLFVLLGA,-52.765823,11.1131935,0
TILFVLLIA,-32.45941,2.5546525,0
QYLFVLLIA,-49.69721,25.559141,0
TYLFVLLRA,-45.831924,10.709661,0
TYLFVILIA,-49.78143,18.660828,0
TYLFVLLIQ,-47.649315,-5.1972823,1
TYLPVLLIA,-30.847733,22.300385,0
TYLFVLLYA,-45.50969,10.493054,0
TYLFALLIA,-44.88279,22.342405,0
TYLFVLRIA,-56.64184,22.94992,0
TYLDVLLIA,-34.552296,22.412422,0
EYLFVLLIA,-49.95894,25.957644,0
TYLFVLYIA,-56.948326,23.236092,0
TYLFWLLIA,-58.38885,13.625227,0
PYLFVLLIA,-50.0784,17.260046,0
LYLFVLLIA,-49.776756,21.148037,0
TYLFVNLIA,-49.052456,18.674028,0
TYLFVLLIL,-48.109535,-4.2276254,1
TYLFVLPIA,-46.776352,17.386251,0
WYLFVLLIA,-49.41071,29.432238,0
TYLFVLLII,-48.109535,-4.2276254,1
SYLFVLLIA,-50.038673,16.541647,0
TYLFPLLIA,-49.630398,19.20238,0
TYLFVLLIA,-49.874832,18.019709,0
TYLFVFLIA,-47.11285,21.158525,0
TYLYVLLIA,-51.69521,16.565529,0
MYLFVLLIA,-49.618046,26.279718,0
TYLTVLLIA,-31.606905,22.480885,0
TYIFVLLIA,-49.530453,18.339828,0
TYEFVLLIA,-48.742252,15.245647,0
TRLFVLLIA,-49.309284,17.32264,0
TMLFVLLIA,-34.05278,3.297234,0
TYWFVLLIA,-42.372612,25.169907,0
TYPFVLLIA,-51.34321,20.240917,0
TYLFVKLIA,-47.82517,20.139442,0
TQLFVLLIA,-33.55794,3.27233,0
TYLFFLLIA,-57.132736,14.455147,0
TDLFVLLIA,-33.100327,2.4367337,0
TYLFVLLIE,-48.24749,-5.3890543,1
TYLMVLLIA,-43.396065,19.55125,0
TYLFVLEIA,-53.811085,21.432465,0
TYLFDLLIA,-54.467785,15.877019,0
TYLFVLLIW,-48.40478,-8.542084,1
TYTFVLLIA,-51.071026,19.72774,0
RYLFVLLIA,-49.72898,28.3229,0
TYLWVLLIA,-52.21371,15.730887,0
TYLFVLLFA,-46.281967,11.090181,0
TYLGVLLIA,-2.1014822,23.95822,0
TYLCVLLIA,-31.97583,22.074131,0
TVLFVLLIA,-31.68571,1.6008285,0
TYLFLLLIA,-54.00375,16.146269,0
TYLFVLQIA,-53.605846,20.8596,0
TYLFVLVIA,-47.17623,17.54926,0
TNLFVLLIA,-32.67826,2.75177,0
TYNFVLLIA,-49.251698,17.883749,0
TYLFKLLIA,-55.890446,14.886018,0
TYHFVLLIA,-48.507584,14.760023,0
TYLFQLLIA,-55.77132,15.4240055,0
TYLFVQLIA,-47.827946,20.136456,0
TYLFVSLIA,-53.416294,18.431063,0
TYLLVLLIA,-33.84987,22.274189,0
TYLFVLDIA,-50.845234,18.336998,0
TYCFVLLIA,-50.617256,19.767824,0
TYLFHLLIA,-56.659332,14.840843,0
TYLFVDLIA,-49.10143,18.990648,0
TYLFVLFIA,-55.934566,22.584152,0
TYLFVLLIV,-48.178734,-3.2197454,1
TYLQVLLIA,-42.562237,19.643044,0
TYLFCLLIA,-50.54516,17.686962,0
TCLFVLLIA,-31.94757,2.0525718,0
TKLFVLLIA,-33.73914,3.0302866,0
TYLFVLLHA,-46.754345,11.568319,0
TYLFVSEIA,-53.929672,18.850607,0
TYNFVLLWA,-44.758377,10.234748,0
TVLLVLLIA,-29.41737,3.3891976,0
TYLMVLLIA,-43.600407,19.704597,0
TYLFKLLIF,-48.705986,-7.442613,1
TYNFVLLHA,-46.71156,11.665065,0
TYLYVLDIA,-51.891407,16.738768,0
TYLFFLDIA,-57.27031,14.750449,0
FYLFVLPIA,-48.53503,27.889992,0
TYLGVGLIA,-4.883936,43.864307,2
TYLFKLLIR,-48.677433,-7.7321167,1
TYLGVLCIA,-1.2982084,23.433697,0
TYLDCLLIA,-34.374004,21.666033,0
TYLHVLLIA,-45.39625,19.450062,0
GILFVLLIA,-34.27858,1.3619802,0
RYLFVLLIA,-49.72898,28.3229,0
TYMDVLLIA,-33.54815,24.685013,0
TYLAVLLIA,-2.2096655,24.988974,0
TYLFVMFIA,-55.66641,23.30075,0
TYLFVLFIA,-55.93454,22.584053,0
TYDFQLLIA,-56.12807,15.579641,0
TYLEVNLIA,-42.906345,20.33387,0
TNLFVLLIE,-45.128723,-2.9060879,1
TYLPVLLIA,-30.32345,22.609388,0
TKLIVLLIA,-29.610853,5.9735203,0
TYNCVLLIA,-32.366722,22.780495,0
TTLFVLLIA,-32.07155,1.6075805,0
TDEFVLLIA,-32.368763,3.2497914,0
TYLFVRLIL,-45.884224,-6.271615,1
TYLFVELIE,-46.951866,-5.5787363,1
EYLPVLLIA,-23.270658,22.67002,0
TYLFKLLIA,-55.890446,14.886018,0
TYLFVLDIA,-50.84377,18.329527,0
TYEFVLPIA,-46.82213,15.782774,0
TYLDFLLIA,-36.780735,15.7538595,0
TILFVLLIA,-32.794853,2.1748223,0
TYTFVLLIE,-48.107327,-6.313074,1
TELFVLLIA,-33.8746,3.0827477,0
TYLFQLLIA,-55.57623,15.085702,0
TYIDVLLIA,-35.068645,22.041449,0
KYLFVLLIA,-49.271683,25.6124,0
TYLFVLSIA,-45.868336,17.042082,0
TILDVVLIA,-29.677895,4.456237,0
TYLFLLYIA,-56.848534,23.600006,0
LYLFVNLIA,-49.662285,21.422556,0
TYLMVDLIA,-43.514385,20.1995,0
TYLFVLCIA,-47.954746,17.703121,0
LYLFVLDIA,-50.132797,21.447916,0
TYNFALLIA,-44.87853,22.342773,0
TYLTVLFIA,-37.244316,27.621479,0
TYHTVLYIA,-37.612537,28.759518,0
TCLFVLLKA,-32.54446,1.1281636,0
TYIFVLLIA,-49.89764,18.015024,0
TYLFVLLPA,-50.445152,15.190539,0
TYEFVLLHA,-46.712673,12.310997,0
HYLTVLLIA,-23.016981,23.348566,0
TYEFSLLIA,-48.20516,15.182561,0
TEEFVLLIL,-45.66539,-3.0768144,1
TYPFVLLIA,-51.343235,20.24089,0
TCLHVLLIA,-31.322128,2.399152,0
TYLCVLLIA,-31.97565,22.074104,0
TYLFVLYHA,-57.93956,23.631989,0
DYLFVLEIA,-53.43569,22.824438,0
LYLFVLLIM,-48.881416,-5.678912,1
TYLFQLDIA,-56.291683,15.509271,0
TYLFVNLIM,-47.929207,-5.8707194,1
TALPVLEIA,-25.714472,-4.204904,0
TYLPVVLIA,-30.56922,21.18182,0
TYLLFLLIA,-36.67596,15.727009,0
TYEFVLLSA,-50.514668,14.054386,0
TSLFVLFIA,-30.796864,0.8934781,0
QYLFVNLIA,-50.129055,25.74937,0
TGLFKLLIA,-28.4566,-1.1167011,0
TYLDVLEIA,-36.884304,25.480099,0
TYNFVLHIA,-54.856213,21.979065,0
TYLFVLDGA,-52.803104,10.905336,0
TYLQVDLIA,-42.41639,20.40945,0
TYLFVMLIE,-46.879498,-5.8625026,1
TKIPVLLIA,-28.923466,6.7860913,0
HYLFVLLIA,-49.70379,26.83678,0
WYLFVLLYA,-42.024303,10.628359,0
TKLFLLLIA,-33.510494,3.7937448,0
LYLFVLCIA,-48.958527,21.009663,0
TYLFVWLIA,-46.69298,22.081873,0
TYLFVVLHA,-47.368484,11.434685,0
TYLDVLLID,-43.234585,-8.155117,1
TFLTVLLIA,-31.80052,20.810223,0
TYLGVLLIA,-2.1016736,23.958248,0
WYLTVLLCA,-20.466887,24.462297,0
TYNFVLKIA,-54.0933,20.746513,0
TYLTYLLIA,-36.727394,14.981596,0
TYLFQELIA,-55.680252,14.136704,0
TYLFVNCIA,-47.87301,17.907303,0
EYLWVLLIA,-50.865566,23.651802,0
LYLFWLLIA,-58.494373,13.795834,0
TKRDCLLIA,-23.681211,8.968166,0
TKIPVLLSA,-27.555412,6.840008,0
EYWPVLLIA,-25.034578,30.602556,0
TILFVLYFA,-59.965954,23.450165,0
TYPFVMLIE,-47.222702,-6.673594,1
TYMDGLLIA,-39.34289,22.444687,0
TYLFHLDGA,-53.78805,11.184428,0
TYLFVLDGA,-52.80122,10.898057,0
TILRVLLIA,-33.21826,1.8177665,0
TYLQVLLIA,-42.36584,19.83062,0
TSMGVLLIA,-3.0757139,-11.773497,0
TYGGVMLIE,14.262682,8.673807,0
TYLFVLNHA,-46.768192,11.570208,0
TILVVVLIA,-28.866846,4.970451,0
TYLPVYLIA,-31.955862,30.049454,0
TYLDVKLID,-43.76436,-8.246004,1
TYLFVMLIE,-47.048386,-6.1388907,1
TYMPVLLID,-41.982388,-8.499448,1
TYLPVLLMA,-30.16899,18.932156,0
TLLPVLEIA,-28.301903,5.0047665,0
TYNFVLEIA,-54.3059,21.147661,0
TALPVKEIA,-25.678284,-3.9863305,0
EYLPILLIA,-23.023258,22.141443,0
EYLPVMLME,-40.40895,-11.075114,1
TKLDCLIIA,-29.844177,5.8413477,0
FYIFVLPIA,-48.534874,27.889584,0
TYQFVLHIA,-55.467926,21.461864,0
TYLPVHLIA,-31.71547,27.84093,0
MYLFVLLIA,-49.329792,26.251192,0
TYTFVLCIA,-47.608273,18.71556,0
TYLPVLLIR,-42.878654,-11.600445,1
TYHTVLGIA,-17.006245,17.328348,0
TKIGVLLIA,-5.6103587,1.7854556,0
TYLFVLWHA,-58.43512,24.284866,0
TYMCVLDIA,-32.51259,25.00738,0
TYLGVLLIM,-36.49124,-9.209522,1
TYEFVLDGA,-52.335537,11.211953,0
TYPDVLLIA,-34.697594,20.41966,0
TYLFVLGIA,-43.435738,15.418405,0
TYLFVLLIM,-48.35088,-5.9181075,1
TYIFVLDGA,-52.80122,10.898057,0
TYLPYLLIA,-36.60946,14.883509,0
TYHTYLYIA,-40.88963,29.088232,0
TYTFVLEIA,-52.88016,21.179,0
FYRFVLLIA,-50.887115,29.042826,0
FYLFVLPWA,-42.911682,10.129353,0
TYLPQLLIA,-35.438175,16.464521,0
EYLTVLYLA,-38.240875,30.042006,0
TYLGLLSIA,0.9778834,21.53604,0
TYLAVLLIA,-2.2117531,24.987968,0
EYLDVLKID,-40.26407,-9.37291,1
TKIPVLYIA,-38.941483,28.060373,0
TYLYVLLIA,-51.69521,16.565529,0
TYLDVLLMA,-32.98473,19.187435,0
TKIPVLLRA,-26.849508,11.124243,0
TYLPVLLIM,-42.449234,-9.977328,1
FYLFVLLCA,-49.82987,27.643534,0
TYLDVGLIA,-13.476463,39.339146,2
TYLFVLDIA,-50.636696,18.676107,0
TYLPPLLIA,-30.163498,23.050661,0
HYLFVHLIA,-50.70909,26.764374,0
TYMDGLLIE,-42.025803,-6.9459147,1
TYLCVRLIA,-32.004875,29.614578,0
TYLPVLTIA,-29.075293,22.199118,0
TILMVLDIA,-31.321236,3.316102,0
TYLGVGLIA,-4.883936,43.864307,2
KYLFVLLLA,-49.258015,25.625607,0
TALDCLLIA,-25.044796,-4.4871626,0
TALPVVEIA,-25.953405,-4.3886795,0
FYLFVLPIA,-48.53466,27.888815,0
TRLDVVLIA,-35.869656,21.17579,0
TYLFVVLIV,-48.261703,-2.9410481,1
TYLCVNLIA,-32.473705,22.30506,0
TYLFVVLIA,-52.5027,18.383766,0
TVLFVMLIE,-44.830734,-2.759449,1
TYLDVELIA,-35.48219,23.759537,0
TYLFVGLIA,-13.699604,38.34287,2
HYLFYLLIA,-58.529243,14.391728,0
HALPVLENA,-24.754843,-3.6447685,0
TYLGVCLIA,-1.5138545,24.32667,0
TKIIVLLIA,-29.610888,5.9735723,0
EFNFVLHIA,-53.150265,25.858566,0
TYLFVLLIN,-47.787266,-4.3444023,1
TYLGVGRIA,-5.8914547,46.382946,2
TYITVLYIA,-37.879646,28.263422,0
TYDCVLLIA,-32.12318,23.156189,0
TYLDCILIA,-34.63211,21.643417,0
TYLLVGLIA,-13.459292,39.37217,2
EYLPVPLIA,-23.444899,21.479603,0
TYLYVLYHA,-58.04614,23.45275,0
TYLGVGLPA,-5.900089,44.17841,2
TMLGVLLID,-2.4792426,-32.83624,0
TYLPVLDYA,-27.836374,16.391787,0
DYLFVLDGA,-52.66628,10.53087,0
TYLTVLLIE,-42.68294,-9.529913,1
EYLFVLLII,-49.49449,-4.864673,1
TYLFVMLIA,-47.548157,20.439528,0
MKLIVLLIE,-40.436073,-14.159473,1
TYRGVGLHA,-2.514,43.302307,2
FYLFVLMIA,-51.16864,27.56707,0
TYLGECLIA,0.71239024,24.930092,0
TYLPVLIIA,-30.87076,22.66832,0
TYLCVRHIA,-32.853573,29.566166,0
TYLGVALIA,-4.715289,43.449203,2
TYDCDLLIA,-33.004276,20.891308,0
TYLGVKLPA,-4.151383,23.389236,0
TYCPVLLIM,-42.892532,-10.234792,1
EFQFVLHIM,-50.104855,-5.5647078,1
DYNFVLHIA,-54.19032,23.023737,0
TYLDVDLIA,-35.139862,22.603968,0
TYLGLLSIA,0.9756009,21.542343,0
TYLFVLEIA,-53.81109,21.432463,0
TYVTVLTIA,-28.958025,20.805994,0
TYMCVMDIA,-32.59046,26.25443,0
TYMCVLDIA,-32.51259,25.007381,0
FYLGVSLIA,3.6045697,30.050425,0
EYLYILLIA,-50.15084,24.676083,0
EFNVVLLIR,-40.89916,-13.233809,1
KYLGVGLHA,-2.7171054,44.81448,2
TYLAVILIA,-2.2121341,24.987556,0
EWLGLLSIA,6.438145,26.033392,0
EFNFVIHIA,-53.150276,25.858566,0
TYLGVGQPR,3.5698597,40.61425,2
TYLPVCDIA,-30.649275,21.503973,0
TYHEVLGIA,-17.649303,16.982388,0
TYLPVLTHE,-41.98199,-10.554976,1
TYLPVRLIA,-31.97587,29.623247,0
TRADVCLIA,-31.97314,17.030792,0
TYLGVLLIC,-3.679733,21.101414,0
TSMGVCLDA,-2.728138,-11.435186,0
MYLPVLTIA,-23.964584,22.619635,0
TYLAVGHPA,-6.279971,45.610874,2
TPHTVLGIA,-19.589254,-7.106549,0
TYRGVHLIM,-36.304085,-10.776781,1
EYLPVDTIA,-24.119884,22.79852,0
QYLPVLLHA,-24.706017,19.225958,0
EYLTVLRLA,-38.081245,30.072412,0
TYMIVLLID,-42.510662,-8.094905,1
TMLFVLWHA,-59.463474,23.739931,0
EYLTELYHA,-39.46769,30.082323,0
EYLTLLYLA,-38.72425,30.031126,0
TILPVLLIM,-18.486698,-26.588465,0
FSLGLLSIA,1.2955459,-12.161307,0
EFCFVLHIA,-53.18902,25.836529,0
TSMGVLLIA,-3.0754497,-11.773527,0
TYLPPLLCA,-30.355576,24.07543,0
EYLFDLWHA,-57.923527,24.853556,0
TYAPVLLIA,-31.830568,17.079165,0
TYVPVLTIA,-28.57504,21.015276,0
TYLFVLNIA,-50.27221,18.81436,0
TYLFVLTVA,-47.981377,16.725992,0
TYLPWMLME,-37.56608,12.99865,0
TYRLVGLPA,-13.378653,40.221237,2
EYVTVLPIA,-25.03691,22.525986,0
TYWFVLWHA,-58.18715,26.030703,0
TDLDVCLIA,-29.77557,4.722125,0
TYLPVLLIA,-30.471956,22.396168,0
TYLCVRPIA,-31.283035,29.888235,0
EYLPVLLME,-40.673622,-11.102556,1
TYLFVLLIK,-47.94407,-5.2665777,1
TMLDVGLIA,-14.050937,39.388218,2
EYLTVQYLA,-38.20295,29.971533,0
TYLQVRLIM,-45.668243,-7.118076,1
EFNFLLSPA,-47.379887,26.82946,0
TYEFVLDIA,-48.880875,15.214451,0
TYHFVLSIA,-46.39947,15.620815,0
FYLNVLYLA,-38.48365,30.776537,0
TYMGVLLDA,-3.4507322,25.287264,0
EYLTVLQID,-40.232067,-9.46137,1
TYLGVGTPA,-6.0262456,43.508892,2
TYLFVPDIA,-52.89263,18.461447,0
TYDCVLLIM,-42.670856,-9.545834,1
TYDCVLLIA,-32.125538,23.155687,0
IYLGVGLPA,-5.455549,44.821304,2
TYLFVLHIL,-49.0204,-4.102266,1
NYLPVLDIA,-28.567152,23.57052,0
FFNFALHIA,-52.532784,27.184454,0
TSMPVLCID,-19.317743,-26.117746,0
IYLCVRLPA,-31.532001,29.361979,0
TRLDVVLIC,-43.161213,-7.369313,1
TYLFVLWHC,-58.931793,24.726906,0
TYKCVLDIA,-32.422905,24.635593,0
EYLGTGLHA,-2.6893315,44.811382,2
TYLFVMWHA,-58.47511,24.34592,0
TYLPVLDIA,-30.899136,23.28904,0
TYFGVCLIA,-3.8476808,25.925,0
TYLFVLPWA,-44.695633,10.062343,0
KYLGVGGIA,-2.3426323,35.827774,2
TSMGVLLCA,-3.3531306,-11.756497,0
TYHAVLLIR,-37.029602,-10.716297,1
EYLPILLIK,-41.232655,-11.292717,1
PYLAVLLIA,-2.5099423,24.746506,0
TYLCVRLIE,-45.10238,-7.874956,1
TYWPVLSIA,-26.087671,31.009312,0
TYVDVEGIA,-16.153557,15.50686,0
TYLAVGLIA,-4.93033,44.29976,2
EYFPVMLMA,-24.514193,27.613804,0
TSMPVLHIA,-26.188429,-3.386385,0
TIWPVLLIA,-23.025219,8.271473,0
TYWPVLSNA,-26.095322,31.037668,0
TYVPVLFIA,-37.07767,27.666359,0
EYLIVLLME,-40.67151,-10.676673,1
MYLPVLDIA,-23.054604,22.80997,0
TPHTWLGIA,-16.392189,-7.173409,0
DYLGVGTIA,-4.09229,43.742344,2
TFVPVLCID,-43.513588,-9.425434,1
EYVEVLLHA,-46.928635,25.156042,0
TSMPVLCIA,-22.478804,-6.2394605,0
KYLGVGMHA,-2.5423782,45.48825,2
TYVDVLTIM,-44.163826,-9.919508,1
RYLGLLSIA,6.9726744,28.553827,0
TYKGVKLPA,-4.4604506,24.189095,0
EFIVVLLIA,-22.351204,22.039831,0
EAVTVLPIA,-23.628233,-4.1772275,0
TYCPVLTIA,-28.71645,21.408968,0
EYVDVDLIS,-24.275515,25.237675,0
TYLGLLLPA,-3.024682,23.337755,0
TYMGVGLPA,-6.712474,44.473385,2
IYLGHLLHA,1.368361,25.361244,0
ESLGLLSIA,1.1906633,-12.030413,0
KYLGVGHHA,-2.45736,45.682465,2
NYRPVLTIA,-26.15594,29.241241,0
TYLGVGLPA,-6.1131897,44.27373,2
TSWPMLSIA,-22.647715,7.6919856,0
HSLGLLLME,1.3519706,-25.072845,0
NYLPVWLHA,-31.789688,31.215818,0
NYLPVLMIA,-35.031593,26.987896,0
EMLPVDTHA,-27.140842,12.238296,0
KDNVVLLIR,-39.734066,-14.807442,1
EYVDVEDIA,-24.433195,25.0642,0
TMVPVLLPA,-27.985264,7.0316386,0
EYVTVLPIE,-41.618423,-11.875621,1
IYLGVDTIA,-0.63110375,24.133568,0
SYLGVGGIA,-2.0941427,38.792995,2
CYLDVDGIA,-16.85832,15.897034,0
TYVPVLTIM,-43.355427,-10.479623,1
EWLGLLSIA,6.438145,26.033392,0
KYLPVGGIA,-5.4299917,35.6864,2
QYLPVLTHA,-24.606972,19.174583,0
THLGVKGIA,4.3136644,15.770052,0
KYLGVGGIA,-2.3426323,35.827774,2
MYLPVTTIA,-23.938478,21.846601,0
PYLGVGTPA,-6.452367,43.54062,2
TYLDCLLHA,-32.78285,18.95747,0
FYLPVLDCA,-21.847015,23.681755,0
TYLGPLGIA,4.8325553,18.524015,0
FSLGLLHIA,0.74494654,-14.109096,0
CYLGVGLPA,-5.8669815,44.445873,2
KYSGVGLPA,-4.773767,45.644924,2
EYLPVDGIA,-13.802424,17.733265,0
TSMPVLCID,-19.31769,-26.117926,0
PYLPVLLMA,-30.479507,18.962482,0
KYLGWGGIA,-3.8793788,31.895496,2
TYWPVLIIA,-25.47023,31.086008,0
YYLPVGTPA,-10.494494,39.24165,2
TYLDVLLIA,-34.536808,22.369226,0
TYLDVKLIA,-35.44883,23.68973,0
TYLGLTSIA,1.1888908,22.264547,0
QYLPVLYID,-39.341293,-8.250922,1
EYLDVLTIA,-23.963707,23.945381,0
KYLPVLTWA,-26.155567,15.960564,0
EYLPVMTIA,-24.819801,23.717566,0
IYLGVGLPM,3.5006864,40.510418,2
TYLPVLDIA,-30.910378,23.290148,0
TYWVLLSIA,-26.319542,30.824575,0
MYDTVLGIA,-13.926277,17.982765,0
TYLPVLDPA,-30.101782,24.850811,0
TYLPPLGIN,6.3496737,10.980423,0
NYEPVLCID,-41.683475,-8.788622,1
TYCGVGTPA,-5.843479,43.270412,2
KWLGVGLIA,-3.8639536,45.312305,2
TYLLPLLCA,-33.951374,23.163092,0
FSLGVGLKA,1.1860387,-2.931147,0
TYLGVKDPA,-4.2188597,23.412294,0
KYLPVLLYA,-26.311401,16.373066,0
TYLPPLCIF,-43.02201,-11.117507,1
TYLPWRLIA,-37.304276,14.079426,0
FSLGLELPA,0.90694714,-13.047332,0
EWLGLDSIA,6.4910135,25.792145,0
KYLGVLLIA,-0.34529328,26.09473,0
FYLGVSKME,15.644801,15.7744055,0
TYLPVLLRA,-28.010872,16.54137,0
DYWPVLLIA,-25.279638,30.761421,0
EWLGKLSIA,7.1963096,25.678024,0
KYLGVGLIA,-3.860455,44.767105,2
EWLGLLGPA,6.845177,22.605665,0
TYLGIGTPA,-6.2192845,42.96198,2
TYVPVLTNA,-28.637997,20.887024,0
TYLPHLTIA,-35.564747,15.683994,0
TGLPVLLHA,-25.324215,-5.7457705,0
TYVDVERIA,-38.2254,27.246145,0
TYVPVLGIA,-14.329183,15.206104,0
FELGVSGIA,-3.0616827,-1.5883746,0
FSLPVRLID,-15.185993,-27.87,0
TYLDVDTIH,-44.04263,-10.061445,1
TYVSVLLHA,-29.14544,18.189701,0
TYVDVEGIY,-19.839466,-18.693897,0
RYLGSLPIE,16.655703,15.179306,0
MYLIVLDPA,-22.908165,24.4618,0
TYLPHTSIH,-44.271847,-13.424966,1
HYLGLLSIA,6.9338007,27.463257,0
EYLPHLTIA,-34.544548,15.353517,0
TSMGVSGIA,-3.0068855,-7.7306876,0
KYLGILGIA,7.827941,21.974983,0
KWLGLLGPI,10.593119,18.554918,0
TYLGCTSPA,1.3630309,22.976841,0
GWLGLLSIA,-0.8146641,17.98581,0
TYLGIGTPT,-6.3197007,42.243427,2
TGLPVDDHA,-25.38492,-5.65006,0
RYLGVGGIA,-1.9902422,34.726704,2
TYLGVTSIA,0.54341996,22.6689,0
EYLLVDGIA,-14.499095,17.997902,0
MYLPVGDPA,-11.243253,39.65121,2
CYLDVDHIA,-37.276283,26.30426,0
NVVPVLCID,-18.111162,-25.980122,0
RYQGLLSIA,7.0110292,28.835516,0
NYLPVLTIA,-27.288887,22.813671,0
TGLPWLLHA,-23.335611,-1.468553,0
NYLPVLDIA,-28.567116,23.570545,0
EMLPVSGSA,-14.217126,-2.291441,0
FELPVLCYA,-26.181625,12.749342,0
DYLGLTSVA,2.0486937,23.065706,0
NYLPVLDIP,-27.730446,24.62506,0
THLTVKGIF,-19.277712,-19.525469,0
TSMGPYGIA,-10.089683,-11.74577,0
TILPHLGIA,-16.973783,-6.7409067,0
EYVTSLPIA,-25.214817,22.456217,0
TYLGISGIA,4.4184046,21.789972,0
NYRPVGGAA,-8.739265,35.152424,2
TYLPVLDPA,-30.101524,24.851028,0
SYLGVGGIA,-2.0940993,38.792892,2
EWLTLLSIA,-16.978653,19.998396,0
TFLSVKGIA,-14.1498,15.069392,0
EWLGHLTIC,9.764477,25.45833,0
EWLGLLPSE,13.268687,15.064715,0
QYLPVGTPA,-11.202826,39.577477,2
TYCGLLSIA,0.31242698,21.280193,0
KYLTLLGPA,-13.1708355,18.33195,0
TYVWVLGIA,-43.77392,15.242822,0
CYRPMLTIA,-27.04868,29.639599,0
TYLGPLGIT,6.8639193,17.45323,0
ENLPVDGIA,-16.460495,-4.381628,0
TYHPVLSIA,-27.145325,27.74572,0
EYEPVLLHA,-24.303669,19.4888,0
TYLGPLGIK,18.51218,12.446407,0
EYLHIGTPA,-12.6966095,38.355644,2
TQLGIGTPA,-7.6149197,43.125637,2
TGLPVTLHA,-25.292269,-5.8950047,0
NYLGLLGPA,6.43726,20.76647,0
KYLGILGPA,7.225091,21.448805,0
RGLPVLCID,-14.942627,-27.466465,0
AMLPVDTIA,-29.75822,8.028126,0
TYLPRDGIA,-35.011314,13.7730055,0
TYLPVMDIA,-31.742546,27.195732,0
TYVPVPTIA,-27.97396,20.335283,0
MFVPVGTPA,-11.107978,39.637,2
MYLWVLDIA,-50.87107,23.674198,0
THLGVKTIA,-5.609467,1.578018,0
EWLGLLNHA,4.509245,26.429556,0
EMLPVDLHA,-27.110538,12.309254,0
TGLPVLLHT,-25.97101,-6.0458074,0
IYLPVLDPA,-29.303354,24.941265,0
TFVPVPSIA,-27.231897,19.99255,0
EWLYLLGPA,-42.933277,15.290949,0
DMLPVDTHA,-27.420868,11.683162,0
TYLGKGGIA,-3.4450111,38.084053,2
PYLGLLGPA,4.8668146,19.873344,0
MYQPVLDIA,-22.483107,23.000795,0
SYLGVGGQA,-2.5321598,38.94477,2
TYLDVDFIA,-37.601555,26.954813,0
EGLGLLGPA,-5.2381907,-18.916914,0
CWLDVDGIA,-16.119068,17.137949,0
TYLPFLCIA,-35.87136,15.268159,0
PYLDVDGIA,-16.39203,16.310751,0
TYLPPQCIA,-30.882778,27.104603,0
KYLGVGGIS,-1.8443278,35.82217,2
FELGVSGGA,-10.952211,-1.3933986,0
EWLGVVDPA,1.6380479,28.34192,0
MILPVKGIA,-16.463158,-4.5426226,0
TYVPVLGQA,-15.138709,15.401344,0
EYDTVLPIA,-24.34054,22.979816,0
MYVTVLCIF,-41.579,-12.403737,1
TMLPVCTHA,-27.618944,10.915379,0
LYLPHLTIA,-35.15168,15.477509,0
TFWPVLCIF,-35.814827,-12.16691,1
TYMPVLDPA,-31.093853,25.363617,0
CYLPVLLHS,-29.93065,17.948833,0
TYLPVLDMA,-30.148848,18.952024,0
VHLGVKGIA,4.306899,15.788676,0
SYLGIGTFA,-3.2862682,41.818565,2
TQLGLTSIA,-5.6839046,-0.3403788,0
CYLDVDGRA,-15.755205,12.523989,0
TFVPVLCGD,-39.041973,-4.3624377,1
FELPVLDPA,-20.98136,21.642958,0
EWLGELSIA,7.2447486,25.665987,0
DYLGVGGRA,-1.7815539,37.149303,2
NYRIVLTIA,-26.186308,29.192434,0
TYLPPHCIA,-31.183203,27.83325,0
SYLGVLSIP,1.4448366,19.6356,0
DMLGYGGIA,-3.9003012,31.896746,2
TGMGVLCYA,0.006445502,-18.304571,0
ETLGEGGQA,-1.3099815,-1.8661348,0
DYLPVGGQA,-5.8815646,36.23708,2
DMLPVDTHF,-39.389294,-14.161962,1
DMLPVWGIS,-16.04683,-10.04563,0
TYCGLLSIA,0.31259775,21.28012,0
KYVGILGPA,6.940286,21.578962,0
KWCDVDGIA,-15.358115,18.283323,0
TYVKVLGIA,-17.005024,15.782671,0
KYLGVDGIA,8.057659,21.904766,0
DMRPVDTHA,-23.772036,9.495088,0
TSMGPHGIA,-7.9357214,-10.987575,0
RYLGSLRYA,20.213049,18.722033,0
TYVCVLGQA,-15.363408,15.289568,0
TYVPVLSIF,-43.85546,-11.372256,1
TYCGLLSIL,14.23213,12.345405,0
KYLGLLSID,14.568556,14.255462,0
EYLIPQCIA,-24.410952,24.343355,0
TTHPVLSIA,-21.558968,-6.5444098,0
EWLGELGPA,6.936872,23.006199,0
EWEGISGIA,5.4026966,23.251656,0
DYVPVLAQA,-14.811683,16.15962,0
EYLLHTSIH,-44.000343,-14.23988,1
TYQGLLSIS,2.0413399,20.926239,0
RELSVSGGA,-11.634667,-1.2824463,0
GYLGILGPA,0.6725266,17.174417,0
TSMGVSDIA,-2.3822467,-11.077631,0
SYLLVGGIA,-7.0763454,36.114727,2
CYLGISGIA,4.4452662,21.822386,0
DMLGLLGPA,-7.409839,-3.2236595,0
RYLGVGRYA,-1.382743,46.252014,2
SNVPVLGQA,-18.366373,-6.2737856,0
SYLGVGGIM,3.525165,37.782383,2
EWYPVLSIA,-25.321047,29.458725,0
KYEGILGPA,7.6761947,21.022337,0
ECLGLLGQA,-4.853992,-4.453592,0
RYLVVGGIA,-4.565498,35.11348,2
FYLCHTSIH,-43.881832,-14.688781,1
SYLGVLIPA,-3.2458448,22.853739,0
EYLPHLTII,-43.432034,-14.032849,1
RELGNSGGA,-11.019995,-1.3636898,0
RYLGLAGPI,2.7171931,35.08744,2
DMLPGDTHA,-28.400433,11.992943,0
FELGVGGIT,-1.239297,-0.48612157,0
EWLGEFSIA,8.113737,25.638784,0
RYQNLLSIA,-19.557735,23.25522,0
RYLGISDIA,3.8630412,30.01672,0
EGCLLLSIA,-23.27513,-4.191139,0
TMLPVDTIA,-28.940752,7.516162,0
KYMLVSGIA,-14.701148,19.288797,0
TSMGWYGIA,-12.432522,-13.804049,0
TSMGPDGPA,-6.0350823,-9.577735,0
KDLTLLGPA,-15.912039,-4.4773564,0
EWLGLNSIA,6.437638,25.813087,0
KWLGLLCYL,23.207722,13.56577,0
SYLALLSIA,0.19700795,20.073145,0
EWHPVLSFA,-22.255365,18.066341,0
TYQGPYGIA,19.689869,27.132366,0
VYLGILGQA,3.773058,18.32354,0
TECGLLSIA,-5.9886794,-0.120951995,0
RYLGVGGTA,-1.9063588,34.631107,2
TSSGLLGPA,-6.601714,-17.776606,0
TSMGASGIA,-3.3479714,-8.210857,0
FYLGELSIA,6.7892685,27.837502,0
THVPVLTIA,-28.690308,8.053371,0
TYCGLLSIG,-0.19667517,21.354794,0
TSMGPYGPA,-10.102917,-11.940968,0
RYQGLLSIH,17.20186,15.4054785,0
FELFVSSIA,-47.02479,27.8151,0
GYLGPYGIA,22.578426,28.499613,0
TYVPIGGIS,-6.4593964,35.389565,2
EWLGELSIV,9.452451,25.425991,0
EYLPHETHA,-34.007343,15.228717,0
PYLGLLGWA,44.668045,14.297216,0
EPLGELTHA,3.050452,-11.802528,0
TSMGVLSID,-9.049189,-27.576828,0
KWQGLLGPI,10.567466,18.541857,0
KWLVILGPA,-13.544404,18.948696,0
CWLGVDGPA,5.8621454,20.019083,0
RYLGLLQPA,4.6415586,29.57212,0
TSMGVSGMA,-2.563776,-7.6826067,0
DWLGLSGIA,5.156619,22.916052,0
FELGVLCYF,24.552362,-11.969252,0
KYLGVGGPY,3.8833895,36.677826,2
RYLPPQCSA,-21.174292,24.194147,0
RYLPHTSFH,-43.86876,-15.311148,1
DMLPVDTSA,-27.24352,7.0273304,0
KLLGLLGPI,-4.9104447,-27.569712,0
SYLGLLGPA,4.411654,19.725245,0
KYLGGLPIE,16.597233,14.173064,0
SYLLPQCIA,-35.14015,24.498468,0
TYLPPLSIA,-27.676792,21.83057,0
EGVMVLGQA,-22.531725,-4.1734505,0
KLLGLLCYA,13.988844,-13.350263,0
SYLGVGGLA,-2.094141,38.793,2
TSMGVSGIG,-3.116274,-7.7170744,0
SYLGVGNIA,-5.0386353,43.019173,2
KVLGPYGIA,-11.536656,-10.183752,0
TSMGPLSID,-9.058959,-27.57206,0
TYLPPLHIS,-36.095715,27.33073,0
DELGVLAYF,26.785973,-15.874085,0
KLLGLLGCA,-7.0608854,-3.865594,0
PYLGLLGWA,44.669445,14.298714,0
PYLGVLPQA,-0.9332773,22.332342,0
TYLGLLSIA,0.9741715,21.54726,0
KLLGLFAQA,5.3374987,-17.017248,0
TKCGLLSIA,-5.987411,-0.13894054,0
SNLGNIGGA,-10.830645,-5.406935,0
TSMGPYGPD,-10.103217,-20.593239,0
DYLPVTGQM,6.476823,10.825065,0
TSMGPEGPA,-7.241071,-10.505652,0
TSEGLLSIA,-4.2746253,-10.705138,0
DYNPVLAQA,-14.823094,16.485767,0
EWHPVLMFA,-21.966051,27.94454,0
EWHGVGGII,1.8886204,36.173473,2
RELGVLCTF,17.19032,16.196358,0
ILLGLLCYA,13.367608,-12.951762,0
KILGLLGIM,-5.1922092,-27.25766,0
FYLGILSQA,7.7572527,27.988825,0
RLLGLLCYA,15.099508,-13.405406,0
RGMGVLCYA,5.141699,-23.145397,0
TSMGAQCYA,9.371565,-12.934237,0
FELPPLSIA,-20.725773,21.004202,0
EYLYVGGQA,-12.381585,35.851696,2
SYLALGAQA,-3.2670577,39.387108,2
TDLGVGGIM,4.433484,-5.7371383,0
TGLGLLGQA,-3.076341,-18.540886,0
EWQGLNSIG,5.791383,25.62359,0
TGMTVLCYA,-25.188797,-7.397296,0
SNVPVLGQA,-18.366373,-6.2737856,0
TYQGTLCYA,24.860132,21.03295,0
GYEGPYGIA,22.239859,28.542814,0
EWLCLLAQA,-16.448568,19.50558,0
GYIGPYGWA,29.01274,27.61465,0
DECGLLSPA,-6.6127634,-0.82492554,0
KLLVLLGPI,-16.800318,-21.200672,0
DYLGVLCYF,23.718147,5.9049144,0
TGVPVLGQN,-14.985112,-23.790077,0
GYLGLNDIA,-2.1073086,18.524233,0
DYVPVGGWM,6.935016,4.95601,0
PYLGVLCTA,-2.2022805,22.947908,0
KLLGVIGTA,-7.2870045,-3.8415484,0
RELGNFGGA,-11.104593,-3.2248747,0
TSMGPMSIG,-5.3898697,-11.543126,0
MELGLLGPI,-4.598872,-27.69931,0
SECGWLSIA,-19.08307,2.5039814,-1
DYVPVLSVA,-26.455347,21.587751,0
TILGILGQA,-5.3769608,-5.1261344,0
EWHPVLFYA,-21.889269,28.001087,0
PYLGLGTQA,-3.9861953,42.084675,2
RYLGSLGWA,39.992466,17.075666,0
GYLGVGGTA,-1.185466,39.476818,2
RYLGVGGIM,2.951988,35.45246,2
DYVPVLDQA,-28.572056,18.81532,0
NYLGPYGIA,18.788994,26.655289,0
TYQWLLCYA,-45.730007,9.371483,0
TSMQLLGPI,-15.493423,-20.883307,0
KLLGLECYS,14.245416,-12.818218,0
FYLSILGQA,-11.822217,19.330025,0
DFLPVGGQA,-5.86845,36.21528,2
TSMGPCGPA,-5.046668,-8.925595,0
HNVGPYGPA,-11.66396,-10.076223,0
SYLAVLAQA,2.5616305,18.300928,0
SYLGVGFID,-5.9001346,47.200283,2
RYLGVGSTA,-1.5052536,34.24298,2
DYLPVGAQA,-6.11338,36.612705,2
SYSALLSIA,-0.66646296,20.12651,0
SYLALLMIM,-36.902916,-8.720824,1
FSMGPLSID,-0.22003543,-23.898783,0
EWHPVLFIA,-36.86936,30.41688,0
GYLGPGGQA,-1.4051015,39.62762,2
KLSGNSGGA,-10.254331,-1.2761773,0
DYLPIGGPI,-6.474521,34.39552,2
VYLGILGIA,4.266959,19.078152,0
GYLGVYGIA,22.567652,28.525301,0
EWKPVLSFA,-22.253904,18.072966,0
EWLGTYGPA,17.936644,27.345984,0
TSMGVYQIA,-3.030496,-14.138547,0
TSMGVLSGM,-7.772293,-28.736925,0
RELPNSGQA,-16.669113,-2.4244657,0
TSLALLSIA,-4.2719784,-10.6913395,0
HYLGLLGWA,41.334743,16.502827,0
PYLGLLGWE,44.388298,8.7198305,0
DYLPQGGQA,-5.2928405,36.676605,2
LYLGVGGQA,-1.9042858,37.160923,2
KYLGSYGIA,18.141548,26.3828,0
RELGNKGGA,-11.00884,-2.9214072,0
SPLAVLSFA,6.7615194,-12.613247,0
TNMGVLSIA,-5.895397,-7.2903423,0
KLLGVGCTA,0.64929456,-2.9116778,0
TYLGLLGWA,44.2759,14.693424,0
TYCGLYSIG,19.653748,25.717424,0
RYNGVGGIM,2.9451354,35.457954,2
EILGVGGIM,4.7961016,-5.8133693,0
EYIGPYGIA,18.096283,26.433054,0
PYQGLNSIA,1.8812625,21.510805,0
DYVEVGGWM,6.4508195,4.5112996,0
DELGILSQY,-7.080504,-33.602154,0
MYVPVGGWM,7.1834726,4.5771327,0
TWLGTYGPA,19.123907,28.031889,0
KLLGLCAQA,-4.6052485,-4.2921295,0
PYLGVLPQG,-1.2355322,22.03328,0
SPLYVFAQA,-33.63189,-0.58704937,0
MWLGTYGWA,31.548412,19.106426,0
TSLGVLPQR,-4.1924276,-36.60346,0
DYLGLLGME,19.052921,12.643657,0
TGQGLFAQA,-3.8783617,-18.175714,0
PYLGVLAQA,2.9973402,18.532547,0
TWLGVGGIF,3.6383228,37.615486,2
FYLGILSSA,5.8528447,28.324484,0
FSMGPTGPD,-1.608344,-23.053392,0
FYLSILGQL,-9.596362,18.110071,0
WELGAQCYA,29.340494,-3.5995624,0
TDLNVGGYF,5.6192274,2.8738043,0
DYNPVGAQA,-6.1209664,36.628822,2
TYLGVMGIM,18.130379,12.427836,0
TSMDPMSIG,-21.888252,-6.6897764,0
TSMKPYGIA,-16.067194,-12.7480345,0
DVQGPYGIA,-10.563812,-11.182037,0
FYLSILGQW,9.238728,9.060282,0
DELGPLSTD,-3.9030707,-29.802948,0
PYLNLLGWE,-16.26477,8.695404,0
DYLPVWSIA,-31.344824,31.23839,0
FYLSIDGPA,-11.8188,18.372128,0
PGMGPLSID,-9.658634,-27.40674,0
DELGVVAYA,15.098896,-18.206228,0
KLLGLFAQQ,-0.08259835,-29.860401,0
TSMGAQCTA,-4.392308,-12.179971,0
FYLSILGIG,-12.070617,19.036982,0
ASMGPYGPD,-9.746636,-20.717348,0
PYLGVLPDA,-0.76622087,22.757607,0
TYLGLLSIS,1.5631231,20.659313,0
EWLGPCQPA,1.5695722,28.351938,0
SPLGLLGWV,15.535529,-28.08691,0
SNVPVLGQE,-19.271841,-22.520365,0
TGVGLLGVA,-5.681241,-18.339266,0
TSMPPYGIA,-15.266987,-12.339049,0
CYLGLLGWA,44.068405,14.736983,0
DELGLLGWG,14.7641535,-20.803686,0
FSMGPAGIM,-1.8468254,-22.404673,0
IYVPVGGYF,6.9265795,5.0551133,0
TGFPVLSFA,-24.844889,-8.121391,0
KLLGLGDIM,6.851666,-5.866552,0
TYWGLLGWA,46.036366,3.8444526,0
TSISILGQA,-18.10583,-7.248149,0
SSMNPYGPD,-16.286303,-15.080007,0
FSMGDLSID,-0.09238872,-24.056318,0
TNMLVLGQA,-19.448914,-6.9175844,0
DELGVLAWG,14.830525,-20.316381,0
SYLGLLSIA,0.5023006,20.39771,0
DELGVNAYA,14.377813,-18.309486,0
DDLGVWGIM,-0.5794943,-28.423717,0
FYLGCLSQA,8.091258,28.299614,0
KVAGVLAYF,28.837227,-17.569948,0
FNVPVLGHA,-16.895653,-3.3768845,0
EWLLTYGIA,-11.846859,13.469741,0
SYLGLLGWD,45.16062,9.887054,0
SPLAAQCYG,8.825046,-12.884317,0
DELGVLAKN,-3.391883,-26.63359,0
DYLGIGSQA,-4.2047005,41.040146,2
TLLGLFACA,-9.196408,-9.680894,0
PYLGLLGWP,44.218567,11.339236,0
TNMGCLSIA,-5.8988676,-7.284912,0
TSMGPCGPQ,-8.08343,-27.732101,0
KLLGNFAQA,5.3026824,-17.039364,0
DYVPVGGII,-6.4134746,34.480717,2
FFLSIYGPA,15.560812,26.898575,0
TDHGVGGIA,-1.5832655,-4.455009,0
PYLGVAAYF,34.13387,-2.0501847,0
TAMGPCGPA,-5.0824885,-9.185925,0
KLLGQFAQA,4.9495196,-17.239382,0
TGVPSLGQN,-14.997813,-23.805176,0
FYDGILSQA,7.748715,28.018232,0
DYLGTYGPI,18.636742,30.628212,0
TYLGPLGPA,5.445462,19.358414,0
KLLGAQCYA,11.047638,-14.641244,0
HYLGRLSID,10.69674,25.326694,0
PYLGLLHWE,22.969467,2.739065,0
PYLSILGQM,6.784776,10.909651,0
TSMGPLSVA,-4.875861,-10.802003,0
FYLEIYGIA,-11.791103,13.390006,0
TQLGVLPQA,-5.4224634,0.8640202,0
SNVQVGGWM,5.8647456,2.335004,0
PYLGHLGQN,14.333773,18.132471,0
SWLATYGPA,19.698046,28.352901,0
TGVPVGGII,-14.304923,-23.591093,0
TYHGLYGIA,19.887638,27.263268,0
TWLGTYHPA,-5.8738112,23.39,0
HYVGLLSID,14.659778,14.298263,0
KDLGVGGWM,10.819062,-1.7132477,0
KELGVLAYP,22.571178,-17.950167,0
DELGVLAIA,-6.0991964,-3.4764137,0
PYLQVLSIA,-44.579323,17.429085,0
FSMGPLHQA,1.2000157,-14.167994,0
KVGGPYGQA,7.460499,-15.829403,0
TDLGVGGVM,4.284994,-5.6698956,0
PYLGLLMPD,-36.38754,-8.410771,1
ASCGPYGPD,-9.196472,-20.760885,0
GLLGLFACA,-9.303064,-15.284654,0
CYLGLLVWA,24.065245,20.236029,0
TLLGCFACA,-9.167281,-9.798269,0
KEMGPHGPD,-4.154625,-28.519178,0
DYLPPTGIA,-14.545782,17.194483,0
SNVPVLSGA,-13.449781,-4.00659,0
TSEPPYGIA,-15.25866,-12.314387,0
ASPGPYGPD,-9.11707,-20.759361,0
SNVPVLGEM,-19.298601,-22.49969,0
KNWPVLGQE,-14.784157,-34.842148,0
SPLGLTGWV,15.508558,-27.942356,0
TGFPELGPI,-14.73486,-20.971342,0
ASMFPYGPD,-16.802265,-15.348015,0
TLLELFACF,-18.547503,-18.903154,0
SSVPVLPQR,-19.49181,-28.554289,0
PYLGLEGWP,45.058125,10.968827,0
FSMGPTVPP,-0.07232742,-23.062082,0
TGFPVPSFA,-24.913324,-8.260314,0
DELGLLGWC,32.302906,-12.825261,0
LSMPPYGIA,-15.315432,-12.199647,0
EELGAQCYA,11.102984,-14.69753,0
FYLSSDGYA,39.31235,18.095224,0
WYLGCLSQA,8.492519,29.679974,0
SPLGIGSQC,5.199248,-2.3562315,0
KVAQVLACA,-21.004198,-3.2725797,0
DELGALGWG,15.36055,-20.027222,0
KVAGVLAPF,-6.2558746,-25.364706,0
FSMDPTGYA,-25.315683,-12.046036,0
DYLQCLSQA,-44.047146,17.413212,0
TLLGILSCY,-6.1286864,-33.293755,0
FYLGCLSQA,8.090941,28.299969,0
TYWGLLGWD,45.886578,4.5124903,0
FYLKCLSQA,-47.48487,28.915474,0
FSMGLCGWA,16.509962,-23.219072,0
DELGLFAGA,-10.856391,-4.460525,0
FYLSCDGPA,-11.902129,18.275904,0
TSMPAYGYF,25.486101,-36.716537,0
DYLGTPAYA,22.298603,22.183653,0
DELKILSQA,-32.1469,5.8597207,0
TGFPVLSFR,-21.246605,-27.152098,0
FELGVLAYL,23.495272,-17.243088,0
DYLGHGSQA,-4.4337754,40.512108,2
PYLGLLFWF,23.039856,2.9431458,0
KVLSIFGPA,-13.7844515,-9.136456,0
KVSGVLAYF,28.754139,-17.645464,0
KDLGVLAYK,26.62185,-17.217035,0
DNVPVLGQE,-18.739431,-21.529982,0
KPLGVLAKN,-1.8744116,-25.643677,0
KLLGTYGYI,26.858667,-25.62723,0
CYLGLDGWA,43.901398,14.367487,0
WGMPPYGIA,8.135364,-24.944452,0
PYLGIGSHA,-3.5858178,41.11434,2
DELGVMAYA,13.443583,-18.324436,0
SYSGIGSQA,-3.0165439,40.91797,2
DELGVGSQY,5.760965,-6.637632,0
TLLGLLACE,-5.9014063,-28.196196,0
KVAGVLYCA,0.6296499,-14.218722,0
KDLGLLMWA,15.560882,-10.600128,0
DYLGMYGPI,18.74438,32.352005,0
KDLPPYKIA,-24.819902,4.707854,0
KVLGTYGPI,-1.4164081,-28.771767,0
TYLGIGGQA,-2.9452813,38.161785,2
TSLGIGSVA,0.2387268,-4.1761823,0
TSLGLIGWG,14.562312,-24.669472,0
CYLGLLSVY,11.476516,12.387572,0
FYLSIEGPV,-10.562384,18.176262,0
AYMGPYGPA,21.512072,28.464163,0
FYLSISGWV,38.55748,-2.4537716,0
KELFVLAYP,-27.615406,-16.503235,0
TGFMVYGPD,-16.602169,-15.328276,0
PYLGLLGWP,44.21844,11.338908,0
DELGVGGIA,-1.2868418,-2.8648922,0
MELGVLAPA,-8.055823,-2.8911457,0
ASMGPYHPD,-2.6668103,-15.5180855,0
ASLGVHPQR,-2.8399773,-37.706085,0
KSGGPTGPD,-6.262727,-25.185284,0
TSMPEYGII,-15.62312,-14.743612,0
SPLGCNAYA,12.969685,-25.541904,0
DDLGTYGYA,9.957712,-17.676239,0
TLLSLFACA,-14.358262,-10.1835375,0
TSMPPYGWG,3.2117505,-20.242378,0
DYKGIGSQF,4.199389,38.595535,2
DSMVPTGPD,-15.588906,-21.317549,0
NYLGLLGWD,43.419537,8.764527,0
ADMGLLGWA,13.220326,-27.071697,0
SYIGVLAYF,22.703667,8.475162,0
CGLGCLSQA,-2.5037048,-18.093557,0
FYHSIDGQY,9.240378,9.074907,0
DYLGVQSFA,26.342367,19.682974,0
MPLGLLGWA,15.814049,-23.165833,0
DNVPVLGPD,-17.1746,-21.355515,0
CPLGLLGWV,16.26746,-27.511568,0
DELPVGGWM,6.7719793,3.400653,0
ASWGPGGWM,8.905887,-30.811861,0
FSMGPTGYE,31.69622,-21.747662,0
KDLGVGGWD,11.008395,-1.6400372,0
SSVGAQDYA,8.763878,-12.866877,0
DLMGTYGYI,26.73466,-26.753113,0
KNWPVLGNI,-14.849815,-34.835754,0
SYIGWLGWD,48.66579,8.030996,0
MELGVLAAA,-9.439488,-3.1130016,0
ISMPVPSFA,-24.436888,-9.216068,0
PYLGLLGMR,20.7689,9.32883,0
SYIGVLAHE,21.396751,10.102787,0
ASLGVHEQA,-4.233485,-14.731278,0
ASPGVHPPA,-6.851212,-14.352322,0
DNWPVPGQE,-14.794379,-34.798183,0
KPLGVLHKN,17.73975,-8.020214,0
MSLGVHPQR,-4.540992,-36.27445,0
KPNGVLAKN,-1.8550928,-25.63984,0
DELGVVSQY,-7.179578,-33.585175,0
AYLGLKGWP,46.752773,11.60889,0
DNVPVLGGA,-13.347855,-3.7199447,0
TDLGVGWWD,15.465913,-4.8062983,0
DELGVGSQG,-0.25010332,-2.3731024,0
SSVPVPSQY,-19.451525,-28.681257,0
KPMGVLAKN,-1.5750835,-25.557837,0
DELHLLGPA,-19.44657,13.146385,0
KDLGVGPWA,13.233637,-7.8746605,0
DNVPVLCYA,-26.306826,11.296689,0
YYMGPYGPA,16.210308,26.09106,0
KDLGVGSWD,11.590426,-2.491766,0
TLLGILFCN,1.4730273,-16.664778,0
KNWPVLGQQ,-14.786178,-34.84286,0
ASLDVGGWD,6.2608037,1.4843483,0
TLLPCFACA,-14.611637,-10.32637,0
DNVGVSAKN,-3.698849,-25.630018,0
FYLGLDGWA,40.888866,16.743507,0
SPLGLLGNP,-8.309246,-23.087631,0
DELPLLGQR,-19.62567,-20.314747,0
DEYGVLPQR,-10.504297,-34.92662,0
MELGVMAYA,12.712144,-18.083118,0
DNVPVLNQR,-39.301,-14.866935,1
YPLGVLAKN,-1.0689194,-24.400599,0
KVLSIFEWV,18.74066,-11.421732,0
RELGVLAPA,-8.517362,-2.2215707,0
KWWGVGGWD,43.51367,-0.16498473,0
SYIIVLGWP,-16.31415,9.672286,0
TLFPVPSFF,-21.472654,-28.761223,0
DNVPVLGQV,-17.992668,-21.771366,0
PYLGKLGWC,44.648903,10.314059,0
KGFLVPSFA,-25.29717,-8.7058525,0
ASLGLLGWV,14.7996645,-28.607092,0
SYIGVLAHR,21.461548,9.152306,0
NLLGLQCYA,13.320986,-13.038302,0
DELGVMAYV,23.35838,-18.83031,0
TYMGPYGPI,18.861866,30.60577,0
DEVPVLGQE,-18.920216,-21.21736,0
PYLGVLQPA,-3.559507,23.797049,0
ASLGVHPTR,-3.2530196,-37.84658,0
HSMPPYGWG,3.2799866,-20.228693,0
SPFGLTGWI,16.188993,-29.490465,0
YYLGLDGWA,40.393753,16.895773,0
DELGVMAYL,23.821991,-18.696714,0
TLLGCFLCA,-4.767995,-13.510175,0
MELGVLAQV,-3.1647592,-26.65317,0
TLLGIPSCY,-6.2388387,-33.317604,0
DELWAQCYA,-45.324375,8.286397,0
YYLGVGGWD,36.849957,-3.083691,0
PELGLLCYA,13.067508,-12.262911,0
CYLGMYGPY,19.766945,32.983017,0
SSHPVLPWD,10.916603,-30.134962,0
DSMPVMAYA,-24.279129,-10.275253,0
PGFDVPSFA,-25.18832,-8.203092,0
PYLGLYGQE,20.395672,32.016808,0
KLLDTYGYI,-24.081465,-16.870392,0
DYLGLEGWP,43.456944,10.036141,0
PYLGDLAPA,3.879792,20.242989,0
KNLGAQCDA,-4.510886,3.05024,0
WYIGVLAYF,33.246582,4.914041,0
DELGLLGWV,32.334766,-12.780329,0
MELGQEGWP,33.72481,-13.212801,0
GLLGCFACA,-9.258491,-15.299943,0
KYLGLDIWA,23.450346,19.379837,0
SYILAQCYA,-28.774794,15.867609,0
PYLGVLAYF,23.03532,8.517645,0
DYLGVHPRR,24.31703,6.5885377,0
KPLGVYCWG,9.738479,-16.005997,0
KVPGLLGWD,30.432426,-12.525935,0
DELDVGSQY,4.064858,3.434949,0
ASMGMYGPA,-10.9781475,-13.789233,0
TGLGCMACA,-4.9720526,-18.007963,0
AYMGMYGPI,20.223253,30.825743,0
TTLGCPSFA,6.8723664,-12.249257,0
AYMYPMAYA,-46.53368,9.290992,0
TEMPLTGWV,33.040062,-10.816103,0
KDLSIFGPS,-13.914544,-8.970219,0
DELGVLDPA,-5.610527,2.653773,0
SPLGVLAYM,17.598867,-34.06052,0
ASLCLLGWP,12.60981,-29.682987,0
DNVGVLAYA,14.667283,-17.898298,0
TLLGVLTKN,-1.7297325,-33.287327,0
MYLGLEGWN,42.531986,7.5134773,0
KNTPVLGQE,-18.627296,-21.236681,0
CYLGLSGWG,44.937504,15.851315,0
SSVPMLGWD,12.978702,-29.817274,0
DYLGLEGWP,43.457,10.036113,0
MYEGMYGPA,16.763062,27.491735,0
DNVGVPAPA,-6.4530964,-2.468441,0
SPFGLTGKM,-10.112366,-29.723516,0
PYLGVLGIA,4.5305786,18.525097,0
ASLGVCGWA,14.032358,-26.534628,0
ASPGVHPPA,-6.851212,-14.352321,0
SYIGLDRWA,23.228304,0.47610503,0
KWWGVWGWI,30.866304,21.601225,0
MELGVMAQA,5.9933257,-16.164783,0
ASMGMYGHA,9.4250145,-37.644363,0
ASDGLLGWA,14.078066,-27.011429,0
MYLMVMAYV,-14.492918,8.15599,0
KWWGVGGWR,43.289745,-0.048456147,0
HYLGVLAYV,30.203472,12.860677,0
ASPGVHPPC,-6.9791203,-15.501521,0
YYLGGDGCA,-3.5727513,12.641634,-1
KPLGVMYYV,19.170774,-8.923806,0
FYLGLDRYA,20.241695,18.72074,0
ASLGVHPQR,-2.8399773,-37.706085,0
FYLGLDCWA,23.308174,19.198074,0
ASLGLLHWV,3.0701559,-41.41892,0
YKMGPYAKN,35.03139,-21.845842,0
ASPGLWGWV,14.23211,-34.129787,0
DLMGTYGRI,26.613417,-26.818726,0
SSLGVHPPA,-6.245243,-13.476139,0
ASMMMYAYA,-30.861315,-16.602636,0
RPLGVLAYM,32.119877,-22.393028,0
KPNGVLGWC,29.833134,-13.500965,0
FYLGLAGWA,38.900547,-3.5673487,0
DYLGLCGWI,43.130684,8.968282,0
SNIGVLAHE,-2.899743,-34.730007,0
AYLGLKGWP,46.752773,11.60889,0
FYLGLDGKA,9.271955,23.018566,0
DELGVMPPR,-5.2357388,-32.2927,0
YKMGPYGWV,34.90586,-17.566317,0
PDLGVLGWI,30.73052,-14.597786,0
DNAGVLGWV,29.915104,-10.976592,0
ASSGLLGWA,14.680325,-26.583235,0
GMLGCFACA,-9.437977,-15.553297,0
DNVGVLSYM,25.812449,-16.23085,0
MEYGVLAQR,-10.454332,-34.516476,0
YYMGPDPTR,17.283386,15.742124,0
YYLGLDYWA,20.244877,18.709005,0
ASHGLEGWP,14.917008,-30.092937,0
CYLGHYGPI,18.753681,32.356598,0
CYLGVMATA,5.701516,18.847555,0
ASLGVHTWD,4.021483,-39.876225,0
MSNGVHPQA,2.5303946,-13.400928,0
MQLGVHPYF,24.496328,-12.888874,0
VSLGCFACA,-8.679198,-11.695746,0
ASPGDHPPA,-6.969647,-14.496392,0
SPNDVLAKN,-19.626598,-23.56371,0
DLMGVHPPN,-3.662995,-31.058842,0
MEMGVMAYA,12.715157,-18.572361,0
DNVGVQAPA,-7.9470315,-4.8870444,0
SYIGMDGWA,44.953312,13.609776,0
MELGVMANV,-3.2397594,-27.288351,0
CYLGVEAYF,24.116753,8.457616,0
AWWGVGIWD,43.60877,-0.2169832,0
PYLGVLAAI,8.99523,15.95567,0
YYMLPYGYA,-11.1495285,9.334525,0
ASLYLLGWV,-30.150967,-17.94693,0
ASMCMYGPA,-14.395242,-13.323062,0
YYLVLDGWA,39.71084,18.262749,0
YEMGPYGPI,-4.794507,-23.41785,0
DELGVMDYE,23.29938,-12.15951,0
DNVGVSGPA,-6.2830544,-2.485088,0
ASPGVMAVA,-7.725425,-14.160336,0
MSLGPYAPA,-10.794292,-10.274842,0
ASLGVFGYI,14.34797,-35.568756,0
MQLGVMAYA,12.698744,-18.064432,0
PYRGLTGWI,45.76677,5.011098,0
DLMGTSGWG,16.100674,-21.481821,0
GYLGLDAPA,0.33991107,17.350725,0
KPNGVFAFA,7.860886,-18.389433,0
NSMGMYGPA,-11.697374,-12.50558,0
GLLGCFEWP,2.5640385,-40.296078,0
AYLGEEGWN,47.619774,10.136274,0
LYIGVLGWA,43.690083,15.482311,0
EPFGLTACA,-4.5837665,-7.0128894,0
YYLGLDLPA,4.991554,29.4586,0
PYLGNLAYF,23.007006,8.729801,0
ASLGLLGVN,-8.577581,-23.458893,0
DELGVMAYA,13.443588,-18.324398,0
MYEGVLAHE,20.306362,12.70443,0
KPNGVRAYA,8.522883,-18.837914,0
CYLGLLGWV,43.88647,10.766333,0
ALLGVHPKN,-0.2169602,-35.594658,0
ASLGLDHWA,2.9909961,-41.852566,0
AYLGLEGWN,47.04001,10.676774,0
PPFGLYGYI,26.143644,-29.148575,0
DLMWTYGYI,-28.054667,-18.4131,0
SPLPVLPQR,-19.63536,-28.433718,0
DEYGVMAWA,18.82885,-22.516714,0
MYEGLEGPA,8.129339,20.966114,0
KWWGVWPQR,27.278036,4.4033685,0
DLMGTYGKI,25.951418,-27.079271,0
KELGMYGPA,-11.874719,-8.128984,0
GLLQCLAHE,-20.72923,-23.487854,0
AYLGLHPPA,-1.9915551,19.21284,0
MEMGVMHYA,15.694334,-10.512205,0
AYLGLEGWD,47.3267,10.8073435,0
ALLGQHGWI,20.577852,-40.995163,0
RPLEVLGWV,-26.30407,-16.146448,0
RPLGVLQYM,21.720692,-11.334761,0
AYLGFTGWI,48.423077,8.974021,0
SPIPVLGWI,12.345521,-29.851505,0
PYLGNLIYF,23.336716,5.3890333,0
FELGLAGWA,38.981766,-5.002249,0
SSLGGLAYF,17.936289,-32.17066,0
CYLGLLGWI,44.1012,9.439092,0
MQLGKHPYF,25.351234,-13.321069,0
DNVQVLGWV,-27.369112,-16.601583,0
DDLGVLGVI,-5.098702,-27.77167,0
ALLGAEGWP,14.178902,-32.345318,0
SSLGVHPNA,-5.7220683,-13.576544,0
DPLGVCGWA,15.240463,-23.244877,0
AYLGLKQWP,23.048944,1.1938508,0
MPLGVLLYM,21.73869,-12.661747,0
RPLQVLAYM,-25.920702,-17.308798,0
APNGVFAFS,10.153811,-35.515423,0
ASLGVHSYF,18.17818,-35.39702,0
AYLGEHGWI,47.422398,10.031651,0
AYLGEEGHP,14.139601,19.215816,0
DYNGVFSFA,27.2319,19.217556,0
ASLGLCGWW,19.490301,-37.20681,0
WPLPVLPQR,42.137753,-24.234324,0
KPNGSFAYA,9.07614,-18.13529,0
ALLGVHPKA,-5.058686,-15.06836,0
ASSGVFGYI,14.683314,-34.627613,0
MQLGVHPYE,23.975195,-13.275203,0
ASMGVFGYI,14.020219,-36.43346,0
FYLGVHNKN,22.130447,15.613515,0
PYTGLLAYM,23.192917,9.216532,0
SCLGVHPPA,-6.0907583,-13.39565,0
ASLGVFGYF,17.80073,-36.31983,0
MQLGGTGWI,39.01184,-12.016687,0
CYLGLCGWP,43.4491,11.362915,0
ASLGVCHWA,2.991343,-41.935257,0
YKMGPFAKN,35.087124,-21.868484,0
RPLGNAGWA,38.94862,-5.8168015,0
NSMGMYGTA,-11.702976,-12.515952,0
AYLFNLAYF,-16.45996,7.2975435,0
MELGVHHYF,23.01723,-10.971139,0
NSMGMFSYM,25.304485,-34.36086,0
MELGVMLPA,-5.408608,3.0191562,0
SPLPVFASA,-14.520066,-10.918468,0
DYLGQLGWA,43.075706,14.818923,0
AYLGEEGWH,48.36508,10.134208,0
AYVGLKGWP,46.633247,12.17198,0
ASIGVCGWA,14.032359,-26.534626,0
DNVGVLGWA,14.84482,-21.867651,0
KPLGVGAYM,9.776074,-2.5491445,0
AYLGLLIWV,23.057072,1.3302813,0
PYRGLMAYA,27.546791,23.066542,0
SSLGVHGPG,-8.098033,-11.956637,0
DYLVLCPYF,-39.270264,-12.40721,1
HYLGLEGWA,41.409832,16.42524,0
ARLGVCGWA,46.265076,14.442197,0
FYLGLAGWR,35.465523,-3.574477,0
ASLGVHPKN,0.80351835,-35.680393,0
WYLGLEGWP,36.61561,4.495272,0
AYLGVMPYF,22.838331,6.76813,0
AELGVHPKN,-0.57807577,-35.458218,0
ASLGVCGMA,-1.1983272,-8.6174555,0
ASLGVFLYI,3.5213957,-39.376057,0
NSMGMQGPM,-6.8166156,-27.552101,0
PYSGLKGWP,45.0316,11.974826,0
MELGLAIWA,13.585855,-8.152363,0
DNFGVLSYM,21.073267,-21.36682,0
MELGVLQWI,20.232944,-11.737273,0
PYRGVLGAI,9.186976,16.479334,0
DYLFVLAYM,-15.72525,7.5070424,0
SSLCVHPYM,-23.137268,-24.487139,0
PYPGLTGWA,45.177162,15.021312,0
AYLGLKGIA,1.5236366,17.160097,0
SSLGVHGYF,18.30124,-35.976177,0
RQLGVCGWI,35.611103,-7.9563046,0
MELGNQAYF,26.474205,-14.861755,0
SKLGVHGWN,31.671846,-15.342438,0
PSLGVLGWI,16.488148,-28.37278,0
DNSGLLGWN,30.478937,-11.876832,0
SPLPVLAEN,-19.388165,-23.54934,0
NSSGLLGWA,14.903554,-23.92416,0
PYRGYEGWP,48.008648,6.65822,0
ALLGTHPKN,-0.21956156,-35.596527,0
LSMGLLGWV,17.178188,-27.076578,0
DNAPVLPQI,-17.675766,-25.498436,0
SPLPVGGWI,6.667164,1.4057918,0
SSLIVHSYM,-23.187126,-24.365,0
PDLGVLSYH,25.545801,-16.309923,0
SYLGLEGWP,45.764896,11.198631,0
GYMGMYGPA,21.52533,29.356192,0
MYLGEEGWN,42.47845,7.011522,0
MQLGGLAYF,30.858686,-18.459827,0
MELGVMVWP,19.588785,-12.906957,0
AVLGLKGWR,18.921274,-36.927643,0
KPFGVFSYM,27.862904,-30.944613,0
NSMGVMDYA,10.517802,-12.8125305,0
DPFGVFSYH,27.661743,-31.227882,0
DNFGVLPFA,11.413858,-12.019071,0
MYLGEEGWG,42.113186,16.113438,0
ALLGTHDKA,-4.771345,-14.977287,0
PYLPVLNQR,-42.853893,-11.827296,1
PYAGTHPKN,15.083735,8.87525,0
APPGVFSFA,8.899151,-35.18035,0
PWLGMYGTA,19.059753,28.463932,0
NSMGMYGTA,-11.702976,-12.515952,0
KPLWVGSYH,-29.038862,-20.706808,0
PSLGVDSYM,18.315933,-33.50536,0
MYNPVLPQR,-40.883984,-12.592375,1
RELGLAMWA,13.921157,-8.284029,0
APLPVLGWI,12.365675,-29.873362,0
MQLGLTGPA,-7.4559135,-2.8516102,0
IPFGVFSYM,27.594683,-31.224005,0
INFGVLSWA,18.493128,-21.571201,0
DYHGVFSFS,27.604647,20.692755,0
DNFGLAGCA,-1.9880756,-4.697252,0
PARGLMAYA,8.81776,-43.04805,0
SSTGTHPKN,0.78532124,-35.2897,0
AYLGVCGHA,2.704047,17.4494,0
KPLGVGWYM,15.374113,-4.797442,0
RQLGVCGWI,35.610935,-7.9564233,0
KQLGVHPRE,24.029438,-13.334821,0
APNGEKGWI,20.587181,-40.984165,0
KPNGSFAYQ,27.685852,-23.29306,0
RQLGVTGWN,35.608116,-7.8936872,0
HYLGLEGMA,9.542207,22.830748,0
KQDGGTGWI,39.06273,-12.369929,0
MQLGVFSYI,23.39499,-15.469381,0
MQLGGEGWP,39.834694,-11.475392,0
HYIGEEGWN,42.281433,6.9020085,0
HYLGGEGWA,40.84032,-10.23594,0
HYLGLAGWT,38.355297,-2.8567824,0
KYRGYGGWP,40.285007,-1.8606559,0
SLLGTHPKM,-1.1458939,-35.762135,0
FELGLAGQA,-2.280519,-1.482505,0
SYLGLEGWP,45.764965,11.198551,0
DNFGVLSYV,20.234928,-21.501863,0
ALLGTEGVN,-8.982726,-23.888447,0
MYLGLEGWN,42.531986,7.5134773,0
DKLGEHGWI,33.57312,-13.924845,0
PYPNLTGWA,-16.010181,10.838279,0
WPQPVLGYF,39.451954,-23.189592,0
WYNGVFAFA,34.204487,15.6109705,0
KPFWVLSYM,-28.058815,-19.25869,0
RQLGVCGEI,-2.830669,-24.5333,0
KYAGEEGWN,41.0918,7.1948094,0
DQLGGTGWI,39.060577,-12.437854,0
FYNGVHPYE,29.190054,8.672847,0
PDLGVCGWF,28.825945,-15.406969,0
PYRGYEGWI,47.997437,6.691548,0
WPLPVLQQR,42.226562,-24.262926,0
HLLGLEGWI,33.61141,-15.424832,0
DNFGVLSGA,-9.673227,-5.0853057,0
KPLGLTKWA,14.919798,-10.838786,0
RQLGVAGWI,36.09511,-6.6911554,0
AYNGLEGWP,47.161755,11.731393,0
MYLGEFSYH,27.54841,6.936917,0
SSRFLMAYA,-30.48507,-16.809727,0
MQFPVFSYM,30.293348,-33.15677,0
MQGGVHPYE,25.429573,-6.1945443,0
PFPGLTGWN,41.977222,9.762087,0
KPNGSPSYH,27.460142,-17.560368,0
KPLGMGAYA,10.622546,0.542902,0
DNMGVLGQR,-8.801736,-33.50784,0
SYLGLEGMP,14.057973,19.195463,0
ALLGTHPFQ,-0.23391624,-36.64892,0
HYLKLEGWA,-14.376426,9.772315,0
PSLGRHPYE,23.26429,-38.02811,0
SSLGHGAYM,7.0286245,-1.4312027,0
KPNGNFAYM,28.506369,-25.37,0
PDLGLEGVA,-8.838309,-8.36652,0
PYRGLMAYP,28.109951,22.671015,0
DPLGVKPKN,-1.227696,-32.297005,0
NSMGMYRTA,-2.3818183,-14.152757,0
WPLWVLAYA,-27.327211,-14.174313,0
PSLAVLGWA,14.395035,-25.312698,0
KNLGVGAYM,10.340865,-2.7477515,0
MYLGLMCYA,24.343227,18.984922,0
RQLGMCGWR,34.04569,-7.5018888,0
DNFGVGFYM,14.533044,-4.48273,0
KPNGSFGAF,-5.767778,-29.9619,0
MYNGSFAFA,28.280403,18.279568,0
ASLGVHGYF,17.843348,-36.23895,0
LNVGVLGWA,14.81655,-21.90767,0
KPNGYEGWP,35.088505,-13.498886,0
TYLGEHGWI,46.000813,8.892243,0
VPLGVGGWP,8.880444,-0.27513006,0
SSLGVEAFS,10.945032,-34.341187,0
DNLGEHGEI,2.2146206,-30.02722,0
FELGLAGWG,39.040268,-5.025101,0
PPLGLTGWA,14.852939,-25.107565,0
FELQSFAYA,-24.316948,-14.672676,0
APNYVFAFR,-24.01702,-22.893597,0
DNKGVLGWN,30.71814,-14.069961,0
DYNNLTGWA,-15.807175,10.773275,0
ALLYTHPFA,-33.950592,-0.28006762,0
WFLGLEGWP,36.63947,4.3755283,0
WFPGLTGWN,36.38644,3.273345,0
HSLGHGAKM,6.7929616,-4.2577667,0
WYFGVPSYM,32.415527,3.5786932,0
KSLGPHGYF,28.965506,-21.76512,0
PFPGLTGYV,41.50582,10.871575,0
MQLGGEGWT,39.79488,-11.5163355,0
MLLGVLGQR,-8.624906,-33.076523,0
KNLGVGDYM,13.367547,-4.02299,0
KNPGLTGWN,30.73646,-12.128373,0
PYAGTKPKI,14.830313,9.050033,0
PYPGEHGWI,46.144196,9.405839,0
KPNGNFADM,-0.5573192,-29.569899,0
FYNGTHAKN,29.370258,11.252725,0
DGFGVFAFA,8.390447,-43.185276,0
MYNGSFAYN,28.006538,11.696358,0
PFAGLTGWN,41.380295,9.468939,0
KYNGSFPFA,26.685925,18.315275,0
ASLGVHGEM,15.337733,-36.501682,0
DNMGVFGQG,4.7445006,-15.732105,0
KNTGVGAYM,10.47918,-2.4740217,0
RQLGSFAEA,10.531941,-20.20798,0
HLLGVHPYE,23.365566,-13.394152,0
KNLGVHIWI,20.06629,-12.245935,0
MGLGLEGWI,21.824255,-30.46637,0
RQLMEEGWG,-13.6793585,9.83306,0
DNLGVGGQR,5.2240047,-6.230299,0
WPKGNFAYM,36.11696,-25.35309,0
PARGLMCWI,26.453903,-33.428303,0
MQGGIHPYE,25.45884,-6.2020907,0
SSLGHGAAM,4.1906734,-3.96787,0
APPGLFSFH,0.010219348,-37.721622,0
MQLGVHGAF,-5.68745,-29.9602,0
KNNGNFPKN,-0.17755511,-30.650301,0
ANMGVLGQR,-7.6125197,-35.89231,0
PARDLMPKM,-20.992794,-26.662304,0
PARGVLGQD,-10.707311,-29.028355,0
MQRGLDAYA,19.31718,-22.938543,0
MNFGVLSWP,19.47211,-21.174015,0
MYLMEEGWN,-15.054584,8.588955,0
PYAGTSPKN,13.596321,9.485729,0
DNNGVNAFA,14.068041,-16.83813,0
MQGGVSGWN,30.394276,-10.373593,0
KPNGNYAYM,28.488188,-25.715097,0
KYNGVLAFA,22.616196,22.072994,0
DKWGEHAFA,19.828133,-24.042889,0
IPFGVTGWP,17.77303,-26.44114,0
DKLGEHATM,-2.7238796,-29.564545,0
SQLGVTGWA,13.782564,-22.55252,0
EYNGVFAFA,28.689304,18.68686,0
MQLLVLGQR,-19.839182,-20.322151,0
PLAGTLSYV,27.514559,-9.312707,0
SLLGTHPFF,-1.1374888,-37.155773,0
WYQGVFAFA,34.44724,16.150778,0
RQRGVTSWA,18.599611,-20.385649,0
PYAGTHPKN,15.083578,8.875229,0
PIRGVLSWA,18.316092,-21.920078,0
MYLGEFIYM,27.349659,6.666977,0
DNDGVLGQR,-8.46644,-33.338596,0
ASLGVHGYC,13.695687,-35.30396,0
MYNGSFNWI,23.650412,15.212332,0
HLLGLEDYM,22.536938,-12.302362,0
MQLGGHPKM,18.001389,-1.4514174,0
PFIGLHGWI,45.526573,8.833102,0
DNLGVHGYF,27.70696,-19.863888,0
DKLGLHGWI,32.977684,-14.1239805,0
KNLGVGHYA,13.796452,-7.5124607,0
PFPGLTGHR,20.43301,9.146141,0
QARGVHPYE,27.067568,-32.130077,0
DNFGVLANA,-5.2938585,-6.9625287,0
KNFGVTSWA,18.556469,-21.039272,0
FYNGPHGYF,29.798931,7.511329,0
KYAGVHPKN,15.647238,9.063674,0
DKLGEHGYI,33.597836,-14.1998,0
RDLGVHGWI,34.35617,-16.803997,0
MMNGSFAFA,11.049466,-18.824554,0
RYLGEEGYE,32.440968,9.331688,0
TYHGEHGWI,46.22888,7.6269794,0
DNFGVLRWN,19.554354,-6.395301,0
SSLCHGAYM,6.2427216,0.34402728,0
WYNGEHPYE,35.40837,7.2756066,0
WYPGLTGEN,34.468006,2.4792445,0
SSLGCGAYE,7.703153,-1.1541748,0
WYNGVFGRF,32.566967,6.797489,0
MCNGSFAFA,8.543,-18.16496,0
MQAGVHPQR,24.854668,-5.970274,0
SYLGEHAYM,38.22373,10.966264,0
KPNLNFPYE,-25.482628,-19.654392,0
AWPGVFSWN,39.127792,12.675599,0
PFMGVLGQA,4.019203,17.163927,0
KPNKNFAYM,-25.463192,-18.7205,0
MAIGLMAYA,5.8465137,-20.600033,0
MYLYEFSYA,-43.35468,9.129404,0
INFGVLFWI,19.524864,-6.395452,0
TYLGEEGWA,43.78542,13.658009,0
DKLGEHWWI,20.944317,-3.2847524,0
PARYLMAWI,-29.574806,-17.87092,0
APPTVFSFN,-22.699308,-24.653942,0
MQLGGEGAA,-9.373419,-3.5010293,0
DNFFVLGWP,-28.472284,-16.910265,0
PFPGLEVWI,21.602577,2.144625,0
DGFGVFGWV,25.013544,-31.713242,0
MYIGLMAKM,19.299519,12.7942915,0
WYFGVPGMI,32.335304,2.5939994,0
WPKGVNGQR,38.858326,-21.646065,0
KNMGVIGQR,-8.93947,-33.376556,0
KPFGNYAYM,28.414843,-29.542322,0
KNTGVGAMA,-0.74244857,-2.2009735,0
MAIGLMAFA,5.7043567,-20.588507,0
FFLGHGAKM,8.019893,-5.655538,0
EYNGVSAFA,22.030941,22.33512,0
PLAKVGAYM,5.275679,2.3702803,0
ASLGYTGWN,22.037617,-40.214336,0
PFMGLTGYV,42.4897,11.643151,0
DNPGVHGYF,27.470797,-19.439133,0
PLARTLSYA,-34.959267,-0.39159584,0
WYQGKKPKI,36.146976,7.5815496,0
PARGVLGQM,-10.5785055,-29.166727,0
IYQGVFAFA,27.997656,19.933538,0
ANMGSFAYC,14.293187,-38.296215,0
SSLGCGAYK,7.70468,-1.1455921,0
DNNGCGHYE,14.101766,-4.340157,0
PFPGLTGSV,7.682431,16.494127,0
KPNGNYANM,-0.59442633,-29.37174,0
EYNGVHWWI,21.104103,-2.7744327,0
WPKGFFAYM,36.564106,-26.12589,0
DNHGEHGWI,34.27617,-14.245577,0
PYAGTKQWI,21.269205,1.1891071,0
PARGVLKQA,-1.9499843,-12.10268,0
HDLGHGAKM,7.38253,-4.9555593,0
KNLGCGAYE,10.387121,-2.8100843,0
PFPGLTGHN,18.823288,10.310913,0
SSLGHGSKM,5.827696,-2.7367418,0
PAKGNFAYM,23.634434,-34.204372,0
MNNGVNSFA,13.033524,-15.319893,0
PFPNLTGFA,-15.895403,13.215543,0
WFPGLTQWN,30.80895,-0.00043252646,0
LSLGHGAWN,8.994423,-1.0197519,0
NYAGTLSYV,15.442964,6.4911256,0
KNNGSFAAN,-5.1119556,-29.750755,0
FNNGVNAFA,12.963465,-16.152653,0
PNPGLHGWI,31.881416,-14.829121,0
HSLGLYGYV,25.305502,-24.756386,0
KYNGSFKYN,23.539581,15.621382,0
MYNGSFAVN,16.803802,22.963726,0
TAHGEFAYM,24.404203,-34.15709,0
WPKGNGAWI,41.348236,-19.966228,0
KWNGSFPFA,26.798653,18.066511,0
DNLGVVGFA,15.040605,-17.05996,0
WFPGLTLWM,30.854315,0.03934468,0
DNLCVHGYF,-22.337423,-20.095413,0
KYNGSFNFA,25.800093,17.941116,0
KARGVLGQS,-11.746736,-28.4108,0
DNRGVHGYV,21.620386,-25.849995,0
PCPGEHGKM,2.0331593,-31.445885,0
PLAGTSSYA,27.15523,-9.028751,0
MACGLPSYM,20.461617,-28.200851,0
PIAGVHGYC,28.18775,-10.2700405,0
PYHGIHGWI,45.974,7.689546,0
DNNGVNPFA,12.491414,-13.903172,0
PFGGVHGYF,18.565422,5.9374604,0
EPNGSFAYN,26.72195,-23.404242,0
DNPGLTGWW,28.59878,-16.005688,0
PFPGLYAYN,25.237173,12.178271,0
DNPGEHGKI,2.1976452,-30.319378,0
WGPGLTGWN,37.92884,-28.2965,0
MWIGLMAYA,30.342691,19.16599,0
EYGGVFAFA,14.341546,4.6950884,0
DNNGVNAMA,-4.732473,-5.0860314,0
PYPGTKPKI,14.846858,10.482773,0
HSLRHGAYN,-29.138704,-20.84848,0
DGFGFFAFA,8.815508,-44.833344,0
WPPGNFAYM,37.553677,-25.56903,0
DNLLVPSYM,-24.010347,-20.112673,0
SSLGCGAYN,7.798668,-0.97749895,0
WKFGVLGQR,38.72278,-21.231262,0
APLGVHGYV,13.4511,-35.30812,0
MPNGSFAFA,8.282848,-18.257896,0
YPNGNYAYM,34.3249,-25.080097,0
WPKGYGAYM,41.78514,-20.432901,0
WYFGVPSNM,31.796741,2.5493233,0
KNTGDGAYN,10.880364,-2.8325293,0
RPKGVFAFA,8.212785,-21.540678,0
WPKGNFAYG,9.155097,-23.204906,0
PYAGNRAYM,18.491932,6.8538485,0
EYNNVFAFA,-12.871479,11.684196,0
ASNGVNAFC,11.992994,-34.28736,0
MCNGSHGYV,25.02427,-22.579073,0
HSLGHGAKM,6.7929616,-4.2577667,0
ANMGVLGYK,16.284538,-38.29558,0
WGFGSFAYN,34.855885,-27.312458,0
DNNEVNAYE,-24.172686,-19.787624,0
ICNGSFAFA,8.4271555,-17.493446,0
DNNGVFRFA,17.772886,-9.734464,0
WYFGVFAFQ,31.891836,6.306978,0
ASTMVGAYM,5.6075068,1.6461409,0
SYLGVHGYC,40.841778,12.971194,0
MCNDSFGYC,-24.438063,-16.346659,0
QYTGVGAYM,35.145386,-2.5121298,0
WYFGVPAYM,32.4958,3.5193458,0
ANMGVLGYI,16.099752,-38.392548,0
ASNGLNAFC,11.986848,-34.141685,0
DGFGFMAFA,8.810761,-44.829617,0
WYFGVNAYG,36.149296,16.439936,0
DGLGVHGYH,22.59563,-32.619503,0
KPFAVGAYM,9.256847,-3.423674,0
MCNGSHYYV,19.206556,-9.164651,0
DGNGSFFYN,20.359816,-8.875266,0
PFPGLKPFI,15.583773,10.362284,0
FPLGHGSKM,7.0219703,-4.628782,0
RYTGVGAYM,35.93665,-2.7829351,0
APLGVNGYM,16.862904,-35.49479,0
DNRGLTHHN,17.740334,-6.183497,0
IYTGVGAYF,34.535416,-2.2994008,0
PCPGEHGKW,-6.1165466,-35.317673,0
MPNVFFAFA,4.014909,-17.983212,0
PFGGVHYYV,20.958893,0.4782457,0
PFGGCHGYV,16.341028,5.37925,0
MCKGNCAYG,14.964613,-15.631331,0
DNRGVHNFA,11.199254,-11.815108,0
AYTGVFAFA,27.19265,27.340273,0
PFGGVHGYG,15.169122,4.121686,0
ANNGVFAFA,9.406272,-35.6039,0
KPFGNYAYK,28.319534,-29.468817,0
RYKGVFAFA,32.81999,16.722832,0
FGFGFFAYN,34.570374,-31.103127,0
DGKQNFAYM,-25.70224,-21.723078,0
PAKGNFGWR,22.100666,-35.34845,0
WKFHNFAYM,-11.341264,6.335255,0
EPNGSHGYK,27.930288,-22.105406,0
ADRGVHGYV,14.444373,-40.85611,0
PYFGTKPYA,26.205442,21.974625,0
PFGGVHGLI,16.591156,7.742477,0
KPFGNYVYM,27.608166,-30.291721,0
RPKGLTGHN,-1.6166068,-24.216528,0
EPNGVNAYM,29.323217,-19.519272,0
ASNGVNAFC,11.992993,-34.287357,0
DNCGVHGYV,24.01035,-20.276377,0
RPKGTFAFC,31.58855,-25.643438,0
WPKGNFEYG,6.3432283,-25.265669,0
PNRPVHGYV,15.973367,-43.003284,0
ASFGNYAYA,10.260593,-38.27694,0
KPFGNMPKI,1.1676177,-26.503496,0
IYPPVHGYF,25.182423,8.734085,0
WPKQVFAFA,-25.80812,-14.354719,0
WKFGVLPYM,38.82777,-19.341015,0
QYTGVCSKM,15.42464,14.103609,0
WPPVNFAYM,38.522358,-24.548708,0
WGFGFFAFA,36.066,-29.99747,0
DIPGSFAFA,8.55972,-16.983517,0
WKFGVLGFS,36.85154,-19.641438,0
WPKGVPAYM,40.146507,-21.138561,0
RPLGTKPKI,1.2309388,-24.313595,0
DNPTVHGYF,-22.285986,-20.110735,0
MCNGSDGYM,29.40102,-20.05069,0
RPKGVMAYM,32.51316,-23.713564,0
APLGVHNYV,3.2651665,-39.60003,0
PFGGRHGFA,15.9295025,3.6231241,0
PACGNFAYM,22.001278,-34.108135,0
PCPGEHGKM,2.0330439,-31.445913,0
WPPGEHGKM,38.495953,-25.882462,0
QYTGIHGYF,26.842754,8.357103,0
PFGGVNSFS,15.290491,6.1246405,0
SNPGTKPKI,-0.36132568,-34.737286,0
MPNGTFAYC,25.405504,-24.580257,0
MCNGSHEYM,21.455093,-10.746897,0
IYQGVFAFT,28.187716,15.5461445,0
PHNGSFAFA,28.495375,25.748388,0
PLMGTKPKI,-1.327974,-33.97874,0
DNPGVHGYM,26.993286,-19.519075,0
WPSGNFAYM,37.729923,-25.603025,0
WYFGFFAQA,34.806957,17.865057,0
MCNGSTGYV,20.504139,-18.184916,0
WFPGVTGHN,34.49568,2.4812603,0
EPNGSKAYI,26.313726,-22.284252,0
EPNSSFAYN,26.681276,-23.965845,0
PYPGTCGYV,41.437492,10.980707,0
KPTGVGAYF,9.681126,-2.2999282,0
RPLGNFAYG,8.854768,-21.600079,0
ENLGHGSKM,7.1069045,-5.0661073,0
DFGGVHGYF,18.66466,5.8274174,0
PFGGVEAYC,16.199488,5.73568,0
KPFGNGAYF,9.079299,-3.4244664,0
MDNGSHGYA,11.069327,-18.078331,0
PSLGHGPKM,5.8965898,-2.9373872,0
WPPGNMGYV,37.867405,-26.525738,0
WPKGVFAYG,9.129093,-23.209251,0
PFPGLPGHN,18.822134,10.302881,0
PYPGLKPKN,14.896891,10.60257,0
QYTGVHGYC,28.964611,12.937958,0
LCNGSHGYR,28.208855,-20.580458,0
DGFGFGSCM,5.3285513,-3.741704,0
PFGGVFAHA,15.018712,4.627498,0
QYTGVGAAM,3.9255805,36.18896,2
SSLGNFAYD,15.423362,-35.26283,0
PARGNFAYM,24.929619,-33.587597,0
DNTGNFAYM,26.208284,-19.296074,0
QYTGSWAYC,27.103888,14.548418,0
PAKSNFAYM,23.579828,-34.92253,0
MCNGSHRYI,19.677198,-9.268368,0
WPPFNFAFC,-26.236187,-14.6606455,0
DPNGSKAYI,25.96825,-21.893194,0
SDRGVHGYV,14.949949,-41.361668,0
MCNGSFAYC,25.682568,-23.411776,0
PFPGTKPAI,9.63239,14.8607435,0
ASFANYAYT,11.913216,-38.12131,0
WPKGEPAYM,40.559586,-21.073557,0
APFGVHNYV,4.0698304,-38.82729,0
ADRGVPDYM,4.844367,-37.111183,0
RYKANYAYA,32.79116,17.266594,0
WPKGVFAQN,35.441128,-23.672155,0
MCLGVHEYV,19.294777,-10.458861,0
EPNGNKPYA,13.439396,-13.758439,0
APLGVDNYV,3.276463,-40.05812,0
PFCGNFAYM,25.09229,11.412947,0
ARRGVHGYF,26.88624,2.0182362,0
IKFGVLPQM,-10.343459,-35.21175,0
APNGVFAFA,9.587338,-35.67496,0
PCPGLKPFF,-1.2915999,-37.692352,0
AYTGVFVFA,27.201668,28.251028,0
PWPGLKGYM,38.46294,9.797464,0
IYPGVFAFC,27.375864,13.496001,0
DGLGVHCYH,20.822824,-32.796505,0
KPFGNHAFC,23.672829,-27.45773,0
MCNGKFAFC,3.656962,-29.2333,0
ADPGVHNYV,2.5785766,-39.590424,0
IYQGVAAFT,0.44919822,37.12421,2
PYFGTKCYK,24.899118,4.9193635,0
PDRGVHGYV,15.320618,-41.606438,0
RYKGVQAFC,30.68738,11.2066345,0
ENCGVHGYT,24.038174,-20.329699,0
AERGVHGYV,14.653697,-41.005096,0
FSFGNFAYM,29.692774,-29.021399,0
EPNGSKAYD,26.592342,-22.203459,0
DNCGVHGYC,24.072979,-20.302002,0
FGFGFFGRV,34.645195,-30.937315,0
ASLGNYAYG,9.550434,-36.836308,0
IFPGLKPTI,13.389724,12.48331,0
PFGGLKPFI,15.341136,7.5096884,0
PACGNLAFA,-1.7398685,-18.662024,0
PYIGTKPYA,25.297497,20.604908,0
IYQGVMGYH,25.944021,9.634386,0
DGFGSFAYN,25.073963,-31.767418,0
WYIGVFAFT,34.122864,9.101013,0
FGFGWPAYM,34.706512,-32.190125,0
QACGNFAYA,6.0553327,-20.39508,0
ECNGSDGYM,29.31402,-19.612873,0
EPNGLKGFI,23.722546,-24.248749,0
WKFGVHGYV,36.82155,-20.05097,0
FPKGTFAFC,31.16117,-25.722263,0
RYPGVHGYF,30.023,7.157335,0
ADRGVHGYK,15.393815,-39.945305,0
QYTGVFAFA,28.856302,18.0145,0
KYLGVFAFT,28.360233,13.683239,0
RAKGVFAFA,7.1668196,-22.50336,0
MNPGTKYKI,18.194471,-8.440806,0
PTCGNFAYM,19.944294,-34.739597,0
MCKGVFASA,-10.599182,-9.497186,0
ADRGNHAYG,9.642996,-39.546654,0
WSFGNYAYI,35.400955,-25.912697,0
SNKGTKPKI,-1.1495688,-34.436253,0
RPKGVRAFA,8.231404,-21.433092,0
PFGGVEAYG,15.147772,4.183308,0
IYQGLHNYV,23.9626,16.93775,0
RYPGVHNYV,24.492622,15.23092,0
PFPGLWPFI,25.090195,12.724606,0
RPKGLKPFP,2.9373202,-24.109486,0
PACGVHGLV,-7.00155,-19.74412,0
GFPGLKPFG,27.258022,29.044813,0
DGLGVHGYF,22.549938,-32.730858,0
MCKGFFAMN,3.167954,-28.813873,0
IYQGVFQFA,25.063988,17.678331,0
WKFGVLGYK,38.2703,-19.972258,0
RPKKVHGYV,-25.620481,-15.830268,0
WIKGTFAFC,36.08267,-23.049593,0
RPKWVMAYM,-27.721931,-18.891855,0
PYFGTNSFS,26.67965,22.325926,0
RYKGVFAYH,31.042677,8.06794,0
ASFGNDAYI,13.232532,-39.175644,0
ASFGVFAQT,12.204283,-40.88694,0
IACANFAYM,22.506273,-33.70971,0
AYTGVYAFG,26.433218,27.473898,0
WKNGVLPYA,29.327738,-3.882431,0
KDRGVHGYV,21.838173,-25.893276,0
EPNGSKAYL,26.313835,-22.284477,0
ASFGNYAYQ,13.000352,-37.686623,0
VPLGVDGYM,17.57825,-33.906326,0
ADNGSDGSM,-9.078977,-24.307804,0
PYFVTKPYV,-23.02411,15.269911,0
IYFGTKPTA,-4.858247,25.365238,0
AYTGSFAKI,31.321354,24.612524,0
PFPGFFQYN,21.076937,3.1167607,0
AYTGTKPLA,-1.7446203,19.22757,0
PYFGVHCYF,24.906021,4.980926,0
ADRGVCPYA,8.221893,-40.082203,0
NGFGFFAYA,8.843521,-44.808456,0
DNCGVHPYM,23.802952,-14.243036,0
RYKGVNSFH,30.418856,5.610887,0
AMRGVHAYI,14.94009,-40.479225,0
RPKATFAFC,31.606813,-25.678366,0
MCKGNCVYG,14.517916,-14.486371,0
QYTGVFAFA,28.856169,18.014362,0
DPLGVHCYH,22.813343,-14.141621,0
DGLVVYAYQ,24.05632,-35.771923,0
RSKGVFAFK,32.71637,-25.093208,0
AYCGVYAFG,26.433466,27.434027,0
IYMGVCVYG,24.42557,21.237642,0
WYKGTFAYA,34.844936,15.887774,0
ADRGTFAKC,12.914895,-41.03981,0
ASYGNDAFC,13.016159,-39.5513,0
PYFGTESFS,27.006489,22.254522,0
QACGNNAYV,20.36582,-29.301716,0
PAMGNLAFG,-1.5515083,-18.561628,0
ADRGVHAFM,14.928997,-39.732834,0
PYHGVFAFT,28.856089,22.16452,0
RYKGVFAFL,30.789661,10.294014,0
RAKGTFTFC,4.1528873,-24.049896,0
WYCGAFAYA,34.65729,14.216549,0
ASFGWDAYC,22.350182,-40.196373,0
QYTGVFANA,18.221798,25.645283,0
WYICVFAFA,-10.804708,8.953128,0
DNCGDHPYM,24.154766,-14.345259,0
MCKGNCVEG,2.62124,-11.430943,0
KPFGKHGYF,30.114948,-29.779516,0
SYTGVFAFA,27.302626,26.950665,0
RYKGVFAYH,31.042677,8.06794,0
KYLGSFAFT,28.323227,13.987067,0
IYIGVHGYK,26.34874,9.981011,0
AYTGVYAFM,31.846497,24.068892,0
QCPGNCVYG,14.331164,-13.958272,0
MCNGSFAYK,27.83983,-23.078861,0
PACGRLAFK,23.059645,-38.34396,0
RRKGVFAYA,32.963062,16.769852,0
KPFGNHAFT,23.64367,-27.447222,0
PACGGLAYI,17.93363,-31.895214,0
RAKYTNSFS,-27.323917,-14.215482,0
KDDGVHCYH,23.395008,-13.125297,0
ASFGVAALT,-1.075437,-6.9764557,0
ETNGSFAYA,9.270866,-18.10953,0
AYTGVYWYH,21.323154,-1.0894629,0
MYTGVFAFC,28.140812,13.241802,0
MCNNSNSFS,-24.441996,-12.635536,0
RAKGKFGYV,34.69492,-30.135824,0
KPFGNHAHC,23.532976,-27.447517,0
IYPGNDAYI,40.113552,9.659643,0
KYLGVFAFH,27.350803,9.469938,0
KPYGVHGYK,29.53147,-30.859993,0
RYKGVFAYC,31.229761,10.7932,0
KPFGNYAYK,28.319921,-29.468891,0
MCNYVHCYH,-27.069983,-19.326843,0
ADNGVHGYK,16.325535,-36.99257,0
QACGVFADA,-4.5261164,-17.078514,0
DGPGVCVYG,0.1892231,-18.616198,0
ADRIVHGYF,16.370272,-43.875736,0
PYFGTWAFA,25.42984,25.350134,0
RYKGVGAYI,36.590225,-2.725418,0
ASFENYAYQ,-24.906393,-23.526766,0
ADRGVDGYK,15.80921,-39.56157,0
QACGNFGYL,22.570257,-30.875187,0
WIKGTFAFI,36.132755,-23.353836,0
TACGVHCYH,20.559986,-32.938652,0
WYIGVFAYH,33.31011,6.8567142,0
GYPGVHGYK,39.12157,13.942851,0
MCIGVYAFG,8.373333,-19.353422,0
KYLGVFEFT,23.460617,16.139101,0
ASFGNYFYQ,3.8560884,-37.784424,0
AYLGVYAFG,26.428694,27.080088,0
VYTGVHCYH,23.39981,6.2911463,0
DDRGVIGYV,20.920252,-25.339952,0
RYTGVYAFG,31.274412,17.105803,0
IYPEVFAYL,-14.69741,7.8328032,0
WAKGVFAYQ,35.232044,-26.674963,0
MCNGNCVYI,21.273731,-13.578775,0
MCNGSYAYL,27.054115,-24.516779,0
ASFGNYALQ,11.547885,-41.553738,0
DNCGVHPVM,-4.0904307,-31.458834,0
IEQGVAAFT,10.453237,-4.9618645,0
DNCGEFAFC,3.4718206,-29.862362,0
INQGVAAFT,10.397175,-4.8974376,0
INCGVHMYT,19.203693,-10.492535,0
IYPGVFARC,27.324806,13.428502,0
RYKGKFAYC,32.434093,10.932446,0
WKNGVFAFT,36.263096,-22.546602,0
WAKGVFLFA,6.061176,-24.624287,0
HYFGTNSFS,24.811243,22.827759,0
RYKGVFGYK,31.235977,8.709391,0
MCKAVFAYH,28.857319,-24.371834,0
YGLGVFAFA,6.7577333,-23.025747,0
WYIGTFCYH,34.693142,7.4350715,0
PYFPTNSFS,-23.010805,15.318896,0
WYIGVFTYC,34.98295,8.782054,0
EAKGVFAFT,24.164488,-29.952099,0
PACGNLAFT,11.535653,-32.921303,0
WIKGNLAFA,29.423826,-5.3691463,0
FNFGNHAFC,23.610725,-26.723343,0
DYTGVFAFY,25.444141,7.8098783,0
ADRIVHGYI,16.210691,-43.575096,0
KPFGNWAFC,27.594742,-28.377542,0
ASGGNYAYM,15.400755,-33.74729,0
IYPGVHCCH,13.053226,11.944717,0
ATFGNFAYA,10.145992,-38.918705,0
AYQGVFAFA,27.082788,26.021997,0
WAKGVFAYH,35.004242,-26.57299,0
AYKGVFAFI,30.615297,24.096743,0
ATKGTFAFK,14.865589,-37.15448,0
KYLGSFAFA,28.243715,18.390484,0
WYTGVYAWM,34.315933,6.499945,0
YGLGVFLFA,5.598543,-24.03462,0
WYIGVFAFL,33.819157,8.413055,0
DNCAVFAFK,26.070213,-19.958828,0
WYKGTQAYK,32.832382,5.708708,0
RITGVYAFA,9.594884,-20.466248,0
WCKGTFAFG,9.456148,-23.023357,0
WYKGTIAYA,36.106014,16.254427,0
WYNGAFAYA,34.74653,14.406705,0
KPYCVHGYM,30.080145,-32.389782,0
ADAGVFAFA,8.335347,-34.650543,0
RKTGVYAFG,9.97397,-20.508484,0
KAIGVFAYQ,23.114431,-31.619295,0
WIKVVFAYQ,38.461933,-23.846348,0
DNCGEQAFC,3.444945,-30.082441,0
WYIGVHGYK,33.18894,6.366132,0
WYSGVYAFG,33.38612,15.081895,0
MCIGVYAFS,7.5269194,-18.937506,0
WYIGVFVYK,34.605316,7.6855416,0
MCNHAFAYA,-24.315908,-14.930427,0
RYTGVHSYK,29.647491,8.675342,0
WWCGAFAYV,34.644104,12.63252,0
RYKLVFAYK,-12.0244465,7.661778,0
RCKGVFAYQ,32.818707,-24.494751,0
WIKGTFAFG,9.725217,-22.959328,0
KPYGVRGYK,29.173948,-30.454542,0
QACGNDAYV,20.373365,-29.310888,0
WAKGVFAYL,35.3996,-26.991941,0
RYKGMFAYC,32.487114,10.926702,0
RYKGFHAFM,32.70953,9.96334,0
RSKGVDAYH,32.203686,-22.660194,0
KYLGSQAYQ,27.434881,10.431118,0
SYTGVWAFA,25.61447,27.098778,0
WYTGVYACG,15.75653,25.38418,0
RYDGVFAFL,30.440184,10.290436,0
PYYGVFAFL,29.351446,22.19827,0
PYKGTFAYA,27.443422,24.050758,0
RYKGQFAYM,32.11639,9.546528,0
SYTGVFAYL,30.194717,14.8177805,0
ATFGVYASG,-9.887326,-13.617532,0
DNCGWFAFC,4.904984,-29.725508,0
WIKGTFWFQ,21.6654,-8.45171,0
DNKGSFAFT,23.59325,-22.554089,0
YGLGAFAFA,6.784809,-23.09363,0
MGIGVYAYK,23.231031,-31.784693,0
WAKGEHAFC,36.284973,-28.483385,0
RYCGEFATC,13.338786,24.629011,0
MTNGSFAYQ,27.914576,-23.302158,0
RSKIVFAFK,-25.04365,-17.519112,0
WYCGAFPYA,34.796513,13.781799,0
ATFGNIAFG,9.085793,-39.85978,0
YGFGNHAFW,32.672943,-28.07323,0
KPYGVHGYH,29.623426,-30.825424,0
WCNGSFAYK,36.542603,-24.569256,0
ARFGNFAYA,27.278885,24.732315,0
KKLGSFAFT,23.366116,-21.917196,0
YGLGVFPFA,5.9386554,-23.611141,0
AYIGVFAFT,30.602268,24.464756,0
WAKGKNAYV,36.719067,-28.499205,0
ATFGMFAYC,12.145033,-38.6539,0
WYLGVFAYG,34.564144,15.436138,0
RYLGVFAYK,30.568365,8.7420845,0
ADRGVHHFM,4.214654,-37.448227,0
RSKGVFKYK,21.622322,-10.095575,0
IYKGVFAYH,26.26805,9.458602,0
DNNGSHAYK,26.920702,-20.888487,0
WYIGVFAYQ,33.524708,7.0857534,0
MCNKSFAYK,-25.457224,-18.68426,0
ATFGNWAYA,10.379844,-38.046886,0
ACIGVGAFG,0.42977044,-6.329921,0
ADRGVHARV,14.021698,-40.621704,0
KPYGVFRYH,20.806717,-7.2891617,0
QYTGVFAFL,27.890467,12.7351675,0
WYCGAFAYM,33.2319,7.569164,0
WIKGTFAYK,36.439945,-24.203115,0
WYIKVFAYV,-11.316385,8.375007,0
KPYGKHGYC,24.255257,-28.073053,0
YGLGVFFFA,5.3126307,-24.699465,0
RYKGVFAYH,31.043001,8.068433,0
WYIGVIAYH,33.342083,4.9314866,0
MCNGSFAYM,28.18907,-23.0986,0
WYIGVEAYH,33.374554,5.82797,0
MYTGVYAFG,29.633224,17.85353,0
MCNGSLAYS,20.080986,-18.206104,0
WAKSVFAYA,8.200963,-24.115269,0
QACGNNYYV,19.289722,-8.366083,0
DNCGEFAIC,1.5880771,-29.764767,0
MCIKSFAFT,-24.535767,-15.996603,0
MCNGSFGFG,9.211593,-18.83679,0
SYGGVFAFM,17.80948,6.8063474,0
PYHGVCAFK,21.995415,10.356358,0
WYCGAFHFT,35.408348,10.645562,0
QACGNNAIV,-4.6448617,-20.571335,0
KYLGVHAFI,28.300486,12.300191,0
WRKGTFAFG,34.533154,16.388653,0
